"HOUSE10-11788-FEMALE_SAMPLED_41.8407492914299"	"House10-11788-FEMALE_sampled_41.8407492914299"
"HOUSE1002-12817-FEMALE_SAMPLED_44.6855365161111"	"House1002-12817-FEMALE_sampled_44.6855365161111"
"HOUSE1007-17069-FEMALE_SAMPLED_44.9690595249505"	"House1007-17069-FEMALE_sampled_44.9690595249505"
"HOUSE1016-13507-MALE_SAMPLED_43.8752240768052"	"House1016-13507-MALE_sampled_43.8752240768052"
"HOUSE1016-14531-FEMALE_SAMPLED_43.043424492026"	"House1016-14531-FEMALE_sampled_43.043424492026"
"HOUSE1026-10292-FEMALE_SAMPLED_43.5550028414804"	"House1026-10292-FEMALE_sampled_43.5550028414804"
"HOUSE1029-1003-FEMALE_SAMPLED_40.0291980730657"	"House1029-1003-FEMALE_sampled_40.0291980730657"
"HOUSE1030-8610-FEMALE_SAMPLED_32.7837820888963"	"House1030-8610-FEMALE_sampled_32.7837820888963"
"HOUSE1035-14232-FEMALE_SAMPLED_41.8808880080727"	"House1035-14232-FEMALE_sampled_41.8808880080727"
"HOUSE1036-14344-MALE_SAMPLED_40.9597669168461"	"House1036-14344-MALE_sampled_40.9597669168461"
"HOUSE1046-18085-MALE_SAMPLED_44.8576135476545"	"House1046-18085-MALE_sampled_44.8576135476545"
"HOUSE1047-1021-FEMALE_SAMPLED_43.9967892899133"	"House1047-1021-FEMALE_sampled_43.9967892899133"
"HOUSE1047-11397-MALE_SAMPLED_43.1781166288524"	"House1047-11397-MALE_sampled_43.1781166288524"
"HOUSE1048-13393-MALE_SAMPLED_43.9148883068462"	"House1048-13393-MALE_sampled_43.9148883068462"
"HOUSE105-15686-MALE_SAMPLED_44.2708135999686"	"House105-15686-MALE_sampled_44.2708135999686"
"HOUSE1058-12174-MALE_SAMPLED_40.6290107317955"	"House1058-12174-MALE_sampled_40.6290107317955"
"HOUSE1066-9744-FEMALE_SAMPLED_40.5949480801292"	"House1066-9744-FEMALE_sampled_40.5949480801292"
"HOUSE1082-10397-MALE_SAMPLED_42.7951522103104"	"House1082-10397-MALE_sampled_42.7951522103104"
"HOUSE1092-16633-MALE_SAMPLED_44.8474619772693"	"House1092-16633-MALE_sampled_44.8474619772693"
"HOUSE1094-14341-FEMALE_SAMPLED_43.222317340376"	"House1094-14341-FEMALE_sampled_43.222317340376"
"HOUSE1094-15142-MALE_SAMPLED_41.1740776104853"	"House1094-15142-MALE_sampled_41.1740776104853"
"HOUSE1100-6704-FEMALE_SAMPLED_41.766591548038"	"House1100-6704-FEMALE_sampled_41.766591548038"
"HOUSE1103-13863-FEMALE_SAMPLED_44.1286977370131"	"House1103-13863-FEMALE_sampled_44.1286977370131"
"HOUSE1110-9203-MALE_SAMPLED_42.8328591375251"	"House1110-9203-MALE_sampled_42.8328591375251"
"HOUSE1111-1084-MALE_SAMPLED_41.9859640819314"	"House1111-1084-MALE_sampled_41.9859640819314"
"HOUSE1119-14054-MALE_SAMPLED_41.7898348241579"	"House1119-14054-MALE_sampled_41.7898348241579"
"HOUSE1127-6849-FEMALE_SAMPLED_44.9260540992705"	"House1127-6849-FEMALE_sampled_44.9260540992705"
"HOUSE1130-14086-MALE_SAMPLED_41.2614522978562"	"House1130-14086-MALE_sampled_41.2614522978562"
"HOUSE1130-15705-FEMALE_SAMPLED_43.4282743830759"	"House1130-15705-FEMALE_sampled_43.4282743830759"
"HOUSE1148-10280-MALE_SAMPLED_41.0598703519132"	"House1148-10280-MALE_sampled_41.0598703519132"
"HOUSE1149-1113-FEMALE_SAMPLED_43.965542440493"	"House1149-1113-FEMALE_sampled_43.965542440493"
"HOUSE1149-16820-MALE_SAMPLED_44.573180445584"	"House1149-16820-MALE_sampled_44.573180445584"
"HOUSE1151-11334-MALE_SAMPLED_40.434380033815"	"House1151-11334-MALE_sampled_40.434380033815"
"HOUSE1151-15179-FEMALE_SAMPLED_42.0151506259572"	"House1151-15179-FEMALE_sampled_42.0151506259572"
"HOUSE1157-12730-FEMALE_SAMPLED_41.5046469762456"	"House1157-12730-FEMALE_sampled_41.5046469762456"
"HOUSE1159-11547-MALE_SAMPLED_43.5698007801813"	"House1159-11547-MALE_sampled_43.5698007801813"
"HOUSE1162-6359-MALE_SAMPLED_40.5602811928838"	"House1162-6359-MALE_sampled_40.5602811928838"
"HOUSE1176-13406-FEMALE_SAMPLED_44.3257508613169"	"House1176-13406-FEMALE_sampled_44.3257508613169"
"HOUSE1181-13124-FEMALE_SAMPLED_42.4392492996169"	"House1181-13124-FEMALE_sampled_42.4392492996169"
"HOUSE1182-11851-MALE_SAMPLED_40.3801211493973"	"House1182-11851-MALE_sampled_40.3801211493973"
"HOUSE1187-10485-FEMALE_SAMPLED_40.2504950419289"	"House1187-10485-FEMALE_sampled_40.2504950419289"
"HOUSE1188-12102-FEMALE_SAMPLED_41.0695729036818"	"House1188-12102-FEMALE_sampled_41.0695729036818"
"HOUSE1188-12284-MALE_SAMPLED_40.3915083178056"	"House1188-12284-MALE_sampled_40.3915083178056"
"HOUSE1204-12388-MALE_SAMPLED_44.735089505557"	"House1204-12388-MALE_sampled_44.735089505557"
"HOUSE1206-9528-MALE_SAMPLED_43.462083050913"	"House1206-9528-MALE_sampled_43.462083050913"
"HOUSE121-103-FEMALE_SAMPLED_41.9467330254429"	"House121-103-FEMALE_sampled_41.9467330254429"
"HOUSE1217-1199-FEMALE_SAMPLED_41.9103996024933"	"House1217-1199-FEMALE_sampled_41.9103996024933"
"HOUSE1232-12548-MALE_SAMPLED_40.7327773463564"	"House1232-12548-MALE_sampled_40.7327773463564"
"HOUSE1236-1221-FEMALE_SAMPLED_43.341035349163"	"House1236-1221-FEMALE_sampled_43.341035349163"
"HOUSE1239-13660-MALE_SAMPLED_44.1055896843318"	"House1239-13660-MALE_sampled_44.1055896843318"
"HOUSE1239-14524-FEMALE_SAMPLED_41.8681170395575"	"House1239-14524-FEMALE_sampled_41.8681170395575"
"HOUSE1242-10194-FEMALE_SAMPLED_41.3780851406045"	"House1242-10194-FEMALE_sampled_41.3780851406045"
"HOUSE1244-15139-MALE_SAMPLED_40.7496109325439"	"House1244-15139-MALE_sampled_40.7496109325439"
"HOUSE125-14224-FEMALE_SAMPLED_43.8490211664562"	"House125-14224-FEMALE_sampled_43.8490211664562"
"HOUSE1255-13388-FEMALE_SAMPLED_44.7793194581755"	"House1255-13388-FEMALE_sampled_44.7793194581755"
"HOUSE1266-10115-MALE_SAMPLED_43.0064642034374"	"House1266-10115-MALE_sampled_43.0064642034374"
"HOUSE127-14509-MALE_SAMPLED_40.4149991308805"	"House127-14509-MALE_sampled_40.4149991308805"
"HOUSE1291-1265-FEMALE_SAMPLED_40.033062020624"	"House1291-1265-FEMALE_sampled_40.033062020624"
"HOUSE1293-11888-MALE_SAMPLED_42.1916002196151"	"House1293-11888-MALE_sampled_42.1916002196151"
"HOUSE1300-6237-FEMALE_SAMPLED_43.6019691310794"	"House1300-6237-FEMALE_sampled_43.6019691310794"
"HOUSE1301-11769-MALE_SAMPLED_41.2887502758883"	"House1301-11769-MALE_sampled_41.2887502758883"
"HOUSE1302-8487-FEMALE_SAMPLED_43.8736140359111"	"House1302-8487-FEMALE_sampled_43.8736140359111"
"HOUSE1308-9500-MALE_SAMPLED_42.4990384869375"	"House1308-9500-MALE_sampled_42.4990384869375"
"HOUSE131-11260-MALE_SAMPLED_41.7904048033552"	"House131-11260-MALE_sampled_41.7904048033552"
"HOUSE1313-14267-MALE_SAMPLED_44.2396783945151"	"House1313-14267-MALE_sampled_44.2396783945151"
"HOUSE1316-1294-MALE_SAMPLED_43.7130497347263"	"House1316-1294-MALE_sampled_43.7130497347263"
"HOUSE1319-1298-MALE_SAMPLED_40.0378470150829"	"House1319-1298-MALE_sampled_40.0378470150829"
"HOUSE133-11735-FEMALE_SAMPLED_42.833677904948"	"House133-11735-FEMALE_sampled_42.833677904948"
"HOUSE1355-11069-MALE_SAMPLED_31.4311312073842"	"House1355-11069-MALE_sampled_31.4311312073842"
"HOUSE1361-15931-MALE_SAMPLED_42.698572756482"	"House1361-15931-MALE_sampled_42.698572756482"
"HOUSE1364-1345-FEMALE_SAMPLED_44.8031661067876"	"House1364-1345-FEMALE_sampled_44.8031661067876"
"HOUSE1368-14070-MALE_SAMPLED_43.6491230687992"	"House1368-14070-MALE_sampled_43.6491230687992"
"HOUSE1373-14101-MALE_SAMPLED_43.2345472516589"	"House1373-14101-MALE_sampled_43.2345472516589"
"HOUSE1377-11989-MALE_SAMPLED_41.0756258146487"	"House1377-11989-MALE_sampled_41.0756258146487"
"HOUSE1378-14436-FEMALE_SAMPLED_41.8850600265432"	"House1378-14436-FEMALE_sampled_41.8850600265432"
"HOUSE1378-15018-MALE_SAMPLED_40.6437878450379"	"House1378-15018-MALE_sampled_40.6437878450379"
"HOUSE1384-10055-FEMALE_SAMPLED_42.102358596815"	"House1384-10055-FEMALE_sampled_42.102358596815"
"HOUSE1388-1371-FEMALE_SAMPLED_32.8131831726059"	"House1388-1371-FEMALE_sampled_32.8131831726059"
"HOUSE139-13313-MALE_SAMPLED_44.0115335094742"	"House139-13313-MALE_sampled_44.0115335094742"
"HOUSE1392-13661-MALE_SAMPLED_44.4502202619333"	"House1392-13661-MALE_sampled_44.4502202619333"
"HOUSE1398-13547-MALE_SAMPLED_42.868985701526"	"House1398-13547-MALE_sampled_42.868985701526"
"HOUSE14-15759-MALE_SAMPLED_43.822426472248"	"House14-15759-MALE_sampled_43.822426472248"
"HOUSE1412-10139-MALE_SAMPLED_42.1293472475372"	"House1412-10139-MALE_sampled_42.1293472475372"
"HOUSE1414-12912-MALE_SAMPLED_41.9085140817333"	"House1414-12912-MALE_sampled_41.9085140817333"
"HOUSE143-10948-MALE_SAMPLED_40.0373265752569"	"House143-10948-MALE_sampled_40.0373265752569"
"HOUSE1430-7831-MALE_SAMPLED_40.583238893887"	"House1430-7831-MALE_sampled_40.583238893887"
"HOUSE1436-10109-FEMALE_SAMPLED_32.9355855308898"	"House1436-10109-FEMALE_sampled_32.9355855308898"
"HOUSE1436-16980-FEMALE_SAMPLED_43.6389055236754"	"House1436-16980-FEMALE_sampled_43.6389055236754"
"HOUSE1441-1429-FEMALE_SAMPLED_40.9626765293069"	"House1441-1429-FEMALE_sampled_40.9626765293069"
"HOUSE1448-13810-MALE_SAMPLED_40.8334173417447"	"House1448-13810-MALE_sampled_40.8334173417447"
"HOUSE1459-9241-FEMALE_SAMPLED_40.4349130400506"	"House1459-9241-FEMALE_sampled_40.4349130400506"
"HOUSE1460-13063-MALE_SAMPLED_42.7898025419563"	"House1460-13063-MALE_sampled_42.7898025419563"
"HOUSE1469-13048-FEMALE_SAMPLED_40.248528415128"	"House1469-13048-FEMALE_sampled_40.248528415128"
"HOUSE1473-1455-FEMALE_SAMPLED_40.3300992530486"	"House1473-1455-FEMALE_sampled_40.3300992530486"
"HOUSE1476-14744-MALE_SAMPLED_44.517634135904"	"House1476-14744-MALE_sampled_44.517634135904"
"HOUSE1484-16783-FEMALE_SAMPLED_44.6997790150161"	"House1484-16783-FEMALE_sampled_44.6997790150161"
"HOUSE1487-14061-MALE_SAMPLED_41.9512821805475"	"House1487-14061-MALE_sampled_41.9512821805475"
"HOUSE1488-9509-MALE_SAMPLED_40.3367226133827"	"House1488-9509-MALE_sampled_40.3367226133827"
"HOUSE1491-12849-MALE_SAMPLED_44.5635250807218"	"House1491-12849-MALE_sampled_44.5635250807218"
"HOUSE1492-11556-FEMALE_SAMPLED_41.6964546370189"	"House1492-11556-FEMALE_sampled_41.6964546370189"
"HOUSE150-14614-FEMALE_SAMPLED_40.7260243652854"	"House150-14614-FEMALE_sampled_40.7260243652854"
"HOUSE1505-16250-MALE_SAMPLED_43.6267687826719"	"House1505-16250-MALE_sampled_43.6267687826719"
"HOUSE1512-16486-MALE_SAMPLED_44.016087300362"	"House1512-16486-MALE_sampled_44.016087300362"
"HOUSE1517-16729-MALE_SAMPLED_44.9849581448956"	"House1517-16729-MALE_sampled_44.9849581448956"
"HOUSE152-136-MALE_SAMPLED_22.7419592139267"	"House152-136-MALE_sampled_22.7419592139267"
"HOUSE1528-14651-FEMALE_SAMPLED_41.8855552359007"	"House1528-14651-FEMALE_sampled_41.8855552359007"
"HOUSE1528-9191-FEMALE_SAMPLED_31.991910797311"	"House1528-9191-FEMALE_sampled_31.991910797311"
"HOUSE1529-9670-FEMALE_SAMPLED_42.1941542543937"	"House1529-9670-FEMALE_sampled_42.1941542543937"
"HOUSE1536-12423-MALE_SAMPLED_42.2677286725957"	"House1536-12423-MALE_sampled_42.2677286725957"
"HOUSE1539-10831-MALE_SAMPLED_44.6911577135801"	"House1539-10831-MALE_sampled_44.6911577135801"
"HOUSE1545-8884-FEMALE_SAMPLED_41.6022967814934"	"House1545-8884-FEMALE_sampled_41.6022967814934"
"HOUSE1551-13463-MALE_SAMPLED_43.2083848980844"	"House1551-13463-MALE_sampled_43.2083848980844"
"HOUSE1551-1535-FEMALE_SAMPLED_44.3401125943697"	"House1551-1535-FEMALE_sampled_44.3401125943697"
"HOUSE1556-1537-FEMALE_SAMPLED_40.2367305238508"	"House1556-1537-FEMALE_sampled_40.2367305238508"
"HOUSE1559-10789-MALE_SAMPLED_44.1829603457899"	"House1559-10789-MALE_sampled_44.1829603457899"
"HOUSE1560-12443-FEMALE_SAMPLED_43.4633631026372"	"House1560-12443-FEMALE_sampled_43.4633631026372"
"HOUSE1561-1541-FEMALE_SAMPLED_43.4629150924022"	"House1561-1541-FEMALE_sampled_43.4629150924022"
"HOUSE158-16174-MALE_SAMPLED_43.2555400692199"	"House158-16174-MALE_sampled_43.2555400692199"
"HOUSE1596-10277-MALE_SAMPLED_42.5466944989923"	"House1596-10277-MALE_sampled_42.5466944989923"
"HOUSE160-14797-MALE_SAMPLED_40.859099731809"	"House160-14797-MALE_sampled_40.859099731809"
"HOUSE1607-10926-MALE_SAMPLED_44.2814466500025"	"House1607-10926-MALE_sampled_44.2814466500025"
"HOUSE1608-14449-FEMALE_SAMPLED_43.919869158417"	"House1608-14449-FEMALE_sampled_43.919869158417"
"HOUSE1610-13326-MALE_SAMPLED_41.5907898490481"	"House1610-13326-MALE_sampled_41.5907898490481"
"HOUSE1612-15137-FEMALE_SAMPLED_43.4148535520838"	"House1612-15137-FEMALE_sampled_43.4148535520838"
"HOUSE163-9282-MALE_SAMPLED_30.4916181290559"	"House163-9282-MALE_sampled_30.4916181290559"
"HOUSE1636-14339-MALE_SAMPLED_44.0618648891251"	"House1636-14339-MALE_sampled_44.0618648891251"
"HOUSE1637-12421-FEMALE_SAMPLED_44.6102535832844"	"House1637-12421-FEMALE_sampled_44.6102535832844"
"HOUSE1640-14627-MALE_SAMPLED_41.1118438804988"	"House1640-14627-MALE_sampled_41.1118438804988"
"HOUSE1641-11481-MALE_SAMPLED_40.3171306835779"	"House1641-11481-MALE_sampled_40.3171306835779"
"HOUSE1647-14527-MALE_SAMPLED_44.9962874295594"	"House1647-14527-MALE_sampled_44.9962874295594"
"HOUSE1656-15053-MALE_SAMPLED_44.2281290329135"	"House1656-15053-MALE_sampled_44.2281290329135"
"HOUSE1659-9823-MALE_SAMPLED_41.2333033559844"	"House1659-9823-MALE_sampled_41.2333033559844"
"HOUSE166-14724-FEMALE_SAMPLED_43.7598760097731"	"House166-14724-FEMALE_sampled_43.7598760097731"
"HOUSE1662-11912-FEMALE_SAMPLED_42.2876837872955"	"House1662-11912-FEMALE_sampled_42.2876837872955"
"HOUSE1677-17449-FEMALE_SAMPLED_44.6830683881661"	"House1677-17449-FEMALE_sampled_44.6830683881661"
"HOUSE1680-11297-MALE_SAMPLED_40.630209101364"	"House1680-11297-MALE_sampled_40.630209101364"
"HOUSE1681-13131-MALE_SAMPLED_44.2995255207643"	"House1681-13131-MALE_sampled_44.2995255207643"
"HOUSE1682-8354-FEMALE_SAMPLED_43.0889538261314"	"House1682-8354-FEMALE_sampled_43.0889538261314"
"HOUSE1688-16000-MALE_SAMPLED_42.2772302958307"	"House1688-16000-MALE_sampled_42.2772302958307"
"HOUSE1699-13906-FEMALE_SAMPLED_43.6345837940462"	"House1699-13906-FEMALE_sampled_43.6345837940462"
"HOUSE1703-13876-MALE_SAMPLED_43.0564084218349"	"House1703-13876-MALE_sampled_43.0564084218349"
"HOUSE1712-10084-FEMALE_SAMPLED_41.7894152997702"	"House1712-10084-FEMALE_sampled_41.7894152997702"
"HOUSE1726-13261-MALE_SAMPLED_44.0885122262036"	"House1726-13261-MALE_sampled_44.0885122262036"
"HOUSE1730-12058-MALE_SAMPLED_41.5482663696433"	"House1730-12058-MALE_sampled_41.5482663696433"
"HOUSE1732-7485-MALE_SAMPLED_40.8662205038127"	"House1732-7485-MALE_sampled_40.8662205038127"
"HOUSE1767-16747-MALE_SAMPLED_44.0332631608089"	"House1767-16747-MALE_sampled_44.0332631608089"
"HOUSE1771-11708-FEMALE_SAMPLED_40.089531041919"	"House1771-11708-FEMALE_sampled_40.089531041919"
"HOUSE1772-10497-FEMALE_SAMPLED_40.6772783919035"	"House1772-10497-FEMALE_sampled_40.6772783919035"
"HOUSE1779-11015-FEMALE_SAMPLED_41.2843934546973"	"House1779-11015-FEMALE_sampled_41.2843934546973"
"HOUSE1779-16509-MALE_SAMPLED_44.591861243938"	"House1779-16509-MALE_sampled_44.591861243938"
"HOUSE1785-14992-FEMALE_SAMPLED_41.036157947965"	"House1785-14992-FEMALE_sampled_41.036157947965"
"HOUSE1790-13929-MALE_SAMPLED_44.9868502863683"	"House1790-13929-MALE_sampled_44.9868502863683"
"HOUSE1793-11714-MALE_SAMPLED_41.7918953315801"	"House1793-11714-MALE_sampled_41.7918953315801"
"HOUSE180-160-MALE_SAMPLED_10.3625427056104"	"House180-160-MALE_sampled_10.3625427056104"
"HOUSE1800-1805-FEMALE_SAMPLED_43.541715653496"	"House1800-1805-FEMALE_sampled_43.541715653496"
"HOUSE1805-10930-MALE_SAMPLED_40.8360094362196"	"House1805-10930-MALE_sampled_40.8360094362196"
"HOUSE1813-6442-FEMALE_SAMPLED_44.8482854354219"	"House1813-6442-FEMALE_sampled_44.8482854354219"
"HOUSE1829-11195-MALE_SAMPLED_42.0893556161456"	"House1829-11195-MALE_sampled_42.0893556161456"
"HOUSE1831-1831-FEMALE_SAMPLED_31.600066878821"	"House1831-1831-FEMALE_sampled_31.600066878821"
"HOUSE1844-1841-FEMALE_SAMPLED_40.1152021123163"	"House1844-1841-FEMALE_sampled_40.1152021123163"
"HOUSE1845-10613-MALE_SAMPLED_41.5154817638155"	"House1845-10613-MALE_sampled_41.5154817638155"
"HOUSE1859-13503-MALE_SAMPLED_42.8547135239933"	"House1859-13503-MALE_sampled_42.8547135239933"
"HOUSE1861-1850-MALE_SAMPLED_40.1679595664216"	"House1861-1850-MALE_sampled_40.1679595664216"
"HOUSE1862-16880-FEMALE_SAMPLED_44.8720149440577"	"House1862-16880-FEMALE_sampled_44.8720149440577"
"HOUSE1877-14615-FEMALE_SAMPLED_40.0547879876103"	"House1877-14615-FEMALE_sampled_40.0547879876103"
"HOUSE188-11364-FEMALE_SAMPLED_41.1347908118213"	"House188-11364-FEMALE_sampled_41.1347908118213"
"HOUSE1881-1869-FEMALE_SAMPLED_44.9679510685191"	"House1881-1869-FEMALE_sampled_44.9679510685191"
"HOUSE1894-10163-MALE_SAMPLED_43.6379396759656"	"House1894-10163-MALE_sampled_43.6379396759656"
"HOUSE1898-13452-FEMALE_SAMPLED_42.2458610252943"	"House1898-13452-FEMALE_sampled_42.2458610252943"
"HOUSE19-13495-FEMALE_SAMPLED_41.7628275195602"	"House19-13495-FEMALE_sampled_41.7628275195602"
"HOUSE190-16497-MALE_SAMPLED_44.0438535520231"	"House190-16497-MALE_sampled_44.0438535520231"
"HOUSE1905-1897-FEMALE_SAMPLED_20.025867435732"	"House1905-1897-FEMALE_sampled_20.025867435732"
"HOUSE1908-1901-FEMALE_SAMPLED_44.9310433546055"	"House1908-1901-FEMALE_sampled_44.9310433546055"
"HOUSE191-12283-FEMALE_SAMPLED_41.3926765725375"	"House191-12283-FEMALE_sampled_41.3926765725375"
"HOUSE1910-15242-MALE_SAMPLED_40.8191717136651"	"House1910-15242-MALE_sampled_40.8191717136651"
"HOUSE1911-9520-MALE_SAMPLED_41.8128670052661"	"House1911-9520-MALE_sampled_41.8128670052661"
"HOUSE1912-12428-MALE_SAMPLED_40.6013100256678"	"House1912-12428-MALE_sampled_40.6013100256678"
"HOUSE1916-16429-MALE_SAMPLED_44.8526840742416"	"House1916-16429-MALE_sampled_44.8526840742416"
"HOUSE1924-15742-MALE_SAMPLED_44.5339853514452"	"House1924-15742-MALE_sampled_44.5339853514452"
"HOUSE1937-14301-MALE_SAMPLED_43.7155186074406"	"House1937-14301-MALE_sampled_43.7155186074406"
"HOUSE1951-12564-FEMALE_SAMPLED_40.2861848461907"	"House1951-12564-FEMALE_sampled_40.2861848461907"
"HOUSE1951-14420-MALE_SAMPLED_42.3424396105111"	"House1951-14420-MALE_sampled_42.3424396105111"
"HOUSE1955-1948-MALE_SAMPLED_43.0793187334514"	"House1955-1948-MALE_sampled_43.0793187334514"
"HOUSE1956-11018-MALE_SAMPLED_40.3198443224804"	"House1956-11018-MALE_sampled_40.3198443224804"
"HOUSE1958-1953-FEMALE_SAMPLED_44.3094383069982"	"House1958-1953-FEMALE_sampled_44.3094383069982"
"HOUSE1961-9354-MALE_SAMPLED_43.0967869126786"	"House1961-9354-MALE_sampled_43.0967869126786"
"HOUSE1965-7622-MALE_SAMPLED_42.813260952106"	"House1965-7622-MALE_sampled_42.813260952106"
"HOUSE1971-17351-MALE_SAMPLED_43.4964682518737"	"House1971-17351-MALE_sampled_43.4964682518737"
"HOUSE1993-1981-FEMALE_SAMPLED_40.4272734640254"	"House1993-1981-FEMALE_sampled_40.4272734640254"
"HOUSE2-15256-FEMALE_SAMPLED_41.3066588353831"	"House2-15256-FEMALE_sampled_41.3066588353831"
"HOUSE2000-15205-MALE_SAMPLED_44.7598618433124"	"House2000-15205-MALE_sampled_44.7598618433124"
"HOUSE2011-14403-FEMALE_SAMPLED_43.9808999653906"	"House2011-14403-FEMALE_sampled_43.9808999653906"
"HOUSE2013-2007-FEMALE_SAMPLED_40.1102755467122"	"House2013-2007-FEMALE_sampled_40.1102755467122"
"HOUSE202-13988-MALE_SAMPLED_42.1045929833781"	"House202-13988-MALE_sampled_42.1045929833781"
"HOUSE202-9337-FEMALE_SAMPLED_31.3940931039549"	"House202-9337-FEMALE_sampled_31.3940931039549"
"HOUSE2026-2024-MALE_SAMPLED_41.4228925562929"	"House2026-2024-MALE_sampled_41.4228925562929"
"HOUSE2029-10621-FEMALE_SAMPLED_40.0428882776735"	"House2029-10621-FEMALE_sampled_40.0428882776735"
"HOUSE2030-14776-MALE_SAMPLED_42.0335470035207"	"House2030-14776-MALE_sampled_42.0335470035207"
"HOUSE2030-9532-FEMALE_SAMPLED_40.6129980608388"	"House2030-9532-FEMALE_sampled_40.6129980608388"
"HOUSE2038-9602-MALE_SAMPLED_43.611940342295"	"House2038-9602-MALE_sampled_43.611940342295"
"HOUSE2047-13350-MALE_SAMPLED_41.6169464995619"	"House2047-13350-MALE_sampled_41.6169464995619"
"HOUSE2049-12805-MALE_SAMPLED_40.9940255177207"	"House2049-12805-MALE_sampled_40.9940255177207"
"HOUSE2057-12440-MALE_SAMPLED_42.9175358583168"	"House2057-12440-MALE_sampled_42.9175358583168"
"HOUSE206-12622-FEMALE_SAMPLED_40.9914751142666"	"House206-12622-FEMALE_sampled_40.9914751142666"
"HOUSE206-12657-MALE_SAMPLED_40.975653483214"	"House206-12657-MALE_sampled_40.975653483214"
"HOUSE2061-11339-MALE_SAMPLED_40.7867131651735"	"House2061-11339-MALE_sampled_40.7867131651735"
"HOUSE2068-11221-FEMALE_SAMPLED_40.1960299863659"	"House2068-11221-FEMALE_sampled_40.1960299863659"
"HOUSE207-188-MALE_SAMPLED_43.1695447933286"	"House207-188-MALE_sampled_43.1695447933286"
"HOUSE2072-16943-MALE_SAMPLED_44.8541853995943"	"House2072-16943-MALE_sampled_44.8541853995943"
"HOUSE2078-11940-MALE_SAMPLED_40.7960309286136"	"House2078-11940-MALE_sampled_40.7960309286136"
"HOUSE208-9733-FEMALE_SAMPLED_43.5183032450732"	"House208-9733-FEMALE_sampled_43.5183032450732"
"HOUSE2080-17267-MALE_SAMPLED_44.8918405206096"	"House2080-17267-MALE_sampled_44.8918405206096"
"HOUSE2092-13318-MALE_SAMPLED_40.3839376550242"	"House2092-13318-MALE_sampled_40.3839376550242"
"HOUSE2098-16043-MALE_SAMPLED_44.9670640488242"	"House2098-16043-MALE_sampled_44.9670640488242"
"HOUSE2099-11916-FEMALE_SAMPLED_42.4597368655371"	"House2099-11916-FEMALE_sampled_42.4597368655371"
"HOUSE2101-2112-MALE_SAMPLED_40.9193317465859"	"House2101-2112-MALE_sampled_40.9193317465859"
"HOUSE2103-8026-FEMALE_SAMPLED_40.1814536373986"	"House2103-8026-FEMALE_sampled_40.1814536373986"
"HOUSE2109-14166-FEMALE_SAMPLED_43.479595856378"	"House2109-14166-FEMALE_sampled_43.479595856378"
"HOUSE2116-7615-FEMALE_SAMPLED_42.0445337321144"	"House2116-7615-FEMALE_sampled_42.0445337321144"
"HOUSE2118-2128-MALE_SAMPLED_31.5172629753805"	"House2118-2128-MALE_sampled_31.5172629753805"
"HOUSE2119-6308-MALE_SAMPLED_41.57634354531"	"House2119-6308-MALE_sampled_41.57634354531"
"HOUSE2124-12694-MALE_SAMPLED_40.194095968034"	"House2124-12694-MALE_sampled_40.194095968034"
"HOUSE2127-10118-MALE_SAMPLED_40.4993659511976"	"House2127-10118-MALE_sampled_40.4993659511976"
"HOUSE213-16547-FEMALE_SAMPLED_44.7740285078978"	"House213-16547-FEMALE_sampled_44.7740285078978"
"HOUSE213-8853-MALE_SAMPLED_30.4440753691847"	"House213-8853-MALE_sampled_30.4440753691847"
"HOUSE2155-2171-FEMALE_SAMPLED_41.3157097714743"	"House2155-2171-FEMALE_sampled_41.3157097714743"
"HOUSE2160-11959-MALE_SAMPLED_41.1987452948489"	"House2160-11959-MALE_sampled_41.1987452948489"
"HOUSE2164-11957-FEMALE_SAMPLED_40.7365570905076"	"House2164-11957-FEMALE_sampled_40.7365570905076"
"HOUSE2168-11988-MALE_SAMPLED_43.3623878771674"	"House2168-11988-MALE_sampled_43.3623878771674"
"HOUSE2171-14906-FEMALE_SAMPLED_40.884102749839"	"House2171-14906-FEMALE_sampled_40.884102749839"
"HOUSE2174-12981-MALE_SAMPLED_42.3339244676754"	"House2174-12981-MALE_sampled_42.3339244676754"
"HOUSE2174-14077-FEMALE_SAMPLED_44.9433129450329"	"House2174-14077-FEMALE_sampled_44.9433129450329"
"HOUSE2177-11719-MALE_SAMPLED_31.1116990347167"	"House2177-11719-MALE_sampled_31.1116990347167"
"HOUSE2177-17031-MALE_SAMPLED_44.9480354491685"	"House2177-17031-MALE_sampled_44.9480354491685"
"HOUSE2180-6998-FEMALE_SAMPLED_43.2404777302872"	"House2180-6998-FEMALE_sampled_43.2404777302872"
"HOUSE2182-15670-MALE_SAMPLED_43.8640655658673"	"House2182-15670-MALE_sampled_43.8640655658673"
"HOUSE22-13028-MALE_SAMPLED_41.2594908630581"	"House22-13028-MALE_sampled_41.2594908630581"
"HOUSE220-17098-MALE_SAMPLED_44.3953943702568"	"House220-17098-MALE_sampled_44.3953943702568"
"HOUSE2201-14491-MALE_SAMPLED_42.395412299511"	"House2201-14491-MALE_sampled_42.395412299511"
"HOUSE2206-12710-FEMALE_SAMPLED_44.0507220922307"	"House2206-12710-FEMALE_sampled_44.0507220922307"
"HOUSE2208-12891-MALE_SAMPLED_44.7000539244618"	"House2208-12891-MALE_sampled_44.7000539244618"
"HOUSE221-9519-MALE_SAMPLED_40.012728284468"	"House221-9519-MALE_sampled_40.012728284468"
"HOUSE2226-10959-MALE_SAMPLED_42.2631427621367"	"House2226-10959-MALE_sampled_42.2631427621367"
"HOUSE2227-13446-FEMALE_SAMPLED_43.9562059438322"	"House2227-13446-FEMALE_sampled_43.9562059438322"
"HOUSE2241-17022-MALE_SAMPLED_44.2743723005794"	"House2241-17022-MALE_sampled_44.2743723005794"
"HOUSE2243-12013-MALE_SAMPLED_43.7689027408328"	"House2243-12013-MALE_sampled_43.7689027408328"
"HOUSE2246-14730-MALE_SAMPLED_42.3693159676576"	"House2246-14730-MALE_sampled_42.3693159676576"
"HOUSE2251-8913-FEMALE_SAMPLED_30.7228624094278"	"House2251-8913-FEMALE_sampled_30.7228624094278"
"HOUSE2254-2275-FEMALE_SAMPLED_13.2660485869796"	"House2254-2275-FEMALE_sampled_13.2660485869796"
"HOUSE226-208-MALE_SAMPLED_40.2533765259647"	"House226-208-MALE_sampled_40.2533765259647"
"HOUSE2269-11630-FEMALE_SAMPLED_40.0317572639324"	"House2269-11630-FEMALE_sampled_40.0317572639324"
"HOUSE2278-2291-FEMALE_SAMPLED_42.5859248167471"	"House2278-2291-FEMALE_sampled_42.5859248167471"
"HOUSE2284-12431-FEMALE_SAMPLED_44.3312182361936"	"House2284-12431-FEMALE_sampled_44.3312182361936"
"HOUSE2286-6358-MALE_SAMPLED_24.2826081659429"	"House2286-6358-MALE_sampled_24.2826081659429"
"HOUSE2307-2320-MALE_SAMPLED_42.4739075684295"	"House2307-2320-MALE_sampled_42.4739075684295"
"HOUSE2308-11180-MALE_SAMPLED_44.6527009070609"	"House2308-11180-MALE_sampled_44.6527009070609"
"HOUSE2309-11300-MALE_SAMPLED_41.0735038986485"	"House2309-11300-MALE_sampled_41.0735038986485"
"HOUSE231-211-FEMALE_SAMPLED_43.3456339771964"	"House231-211-FEMALE_sampled_43.3456339771964"
"HOUSE2315-11685-MALE_SAMPLED_43.0156539695932"	"House2315-11685-MALE_sampled_43.0156539695932"
"HOUSE2317-10437-MALE_SAMPLED_42.9017288412433"	"House2317-10437-MALE_sampled_42.9017288412433"
"HOUSE2322-13909-MALE_SAMPLED_43.9513835008256"	"House2322-13909-MALE_sampled_43.9513835008256"
"HOUSE2326-2344-MALE_SAMPLED_21.5452290167293"	"House2326-2344-MALE_sampled_21.5452290167293"
"HOUSE2331-11517-FEMALE_SAMPLED_42.6539862610498"	"House2331-11517-FEMALE_sampled_42.6539862610498"
"HOUSE2348-12986-MALE_SAMPLED_42.175083283846"	"House2348-12986-MALE_sampled_42.175083283846"
"HOUSE235-14512-FEMALE_SAMPLED_44.9228649421053"	"House235-14512-FEMALE_sampled_44.9228649421053"
"HOUSE2351-13093-MALE_SAMPLED_42.0744997495323"	"House2351-13093-MALE_sampled_42.0744997495323"
"HOUSE2354-9972-MALE_SAMPLED_41.1844579405719"	"House2354-9972-MALE_sampled_41.1844579405719"
"HOUSE2357-2368-MALE_SAMPLED_41.4186064637653"	"House2357-2368-MALE_sampled_41.4186064637653"
"HOUSE2357-2369-FEMALE_SAMPLED_44.7330045901448"	"House2357-2369-FEMALE_sampled_44.7330045901448"
"HOUSE2365-10320-FEMALE_SAMPLED_43.8377854124156"	"House2365-10320-FEMALE_sampled_43.8377854124156"
"HOUSE2365-15766-MALE_SAMPLED_44.6876764731625"	"House2365-15766-MALE_sampled_44.6876764731625"
"HOUSE2370-13770-MALE_SAMPLED_44.9854567666413"	"House2370-13770-MALE_sampled_44.9854567666413"
"HOUSE2372-10541-MALE_SAMPLED_40.3504206922681"	"House2372-10541-MALE_sampled_40.3504206922681"
"HOUSE2374-13036-MALE_SAMPLED_40.5048209097125"	"House2374-13036-MALE_sampled_40.5048209097125"
"HOUSE2376-9371-MALE_SAMPLED_41.3755756721366"	"House2376-9371-MALE_sampled_41.3755756721366"
"HOUSE2377-11975-FEMALE_SAMPLED_41.6698372218834"	"House2377-11975-FEMALE_sampled_41.6698372218834"
"HOUSE2378-15749-MALE_SAMPLED_44.1302163448101"	"House2378-15749-MALE_sampled_44.1302163448101"
"HOUSE2381-11291-FEMALE_SAMPLED_42.6680166647014"	"House2381-11291-FEMALE_sampled_42.6680166647014"
"HOUSE2391-15641-MALE_SAMPLED_41.6170494377954"	"House2391-15641-MALE_sampled_41.6170494377954"
"HOUSE2399-9185-FEMALE_SAMPLED_40.0235673251195"	"House2399-9185-FEMALE_sampled_40.0235673251195"
"HOUSE241-12802-MALE_SAMPLED_42.6372201195855"	"House241-12802-MALE_sampled_42.6372201195855"
"HOUSE2418-13201-FEMALE_SAMPLED_43.7230919650756"	"House2418-13201-FEMALE_sampled_43.7230919650756"
"HOUSE2418-15679-MALE_SAMPLED_42.3350278261729"	"House2418-15679-MALE_sampled_42.3350278261729"
"HOUSE2426-14915-MALE_SAMPLED_44.5384950051084"	"House2426-14915-MALE_sampled_44.5384950051084"
"HOUSE2426-7204-FEMALE_SAMPLED_43.6022078886162"	"House2426-7204-FEMALE_sampled_43.6022078886162"
"HOUSE243-225-FEMALE_SAMPLED_21.828761807041"	"House243-225-FEMALE_sampled_21.828761807041"
"HOUSE2437-15438-MALE_SAMPLED_44.1575412085033"	"House2437-15438-MALE_sampled_44.1575412085033"
"HOUSE2439-14581-FEMALE_SAMPLED_43.651017668818"	"House2439-14581-FEMALE_sampled_43.651017668818"
"HOUSE2458-2479-FEMALE_SAMPLED_41.1885311149908"	"House2458-2479-FEMALE_sampled_41.1885311149908"
"HOUSE2466-8358-FEMALE_SAMPLED_40.0127347468951"	"House2466-8358-FEMALE_sampled_40.0127347468951"
"HOUSE2467-12699-FEMALE_SAMPLED_41.9489740328455"	"House2467-12699-FEMALE_sampled_41.9489740328455"
"HOUSE247-10475-MALE_SAMPLED_40.6249817960352"	"House247-10475-MALE_sampled_40.6249817960352"
"HOUSE2471-2495-FEMALE_SAMPLED_40.1803984671536"	"House2471-2495-FEMALE_sampled_40.1803984671536"
"HOUSE2472-15214-FEMALE_SAMPLED_41.5221298839392"	"House2472-15214-FEMALE_sampled_41.5221298839392"
"HOUSE2473-11902-MALE_SAMPLED_41.7395633265552"	"House2473-11902-MALE_sampled_41.7395633265552"
"HOUSE2475-10691-FEMALE_SAMPLED_42.0420387457125"	"House2475-10691-FEMALE_sampled_42.0420387457125"
"HOUSE249-14741-MALE_SAMPLED_44.9675084714891"	"House249-14741-MALE_sampled_44.9675084714891"
"HOUSE2491-16079-MALE_SAMPLED_44.8705347793882"	"House2491-16079-MALE_sampled_44.8705347793882"
"HOUSE2499-6972-MALE_SAMPLED_44.9935208738316"	"House2499-6972-MALE_sampled_44.9935208738316"
"HOUSE2508-11951-MALE_SAMPLED_42.9961907996014"	"House2508-11951-MALE_sampled_42.9961907996014"
"HOUSE251-15834-MALE_SAMPLED_42.9713432979879"	"House251-15834-MALE_sampled_42.9713432979879"
"HOUSE2519-14909-FEMALE_SAMPLED_42.6913787493956"	"House2519-14909-FEMALE_sampled_42.6913787493956"
"HOUSE253-14111-MALE_SAMPLED_42.0304393715971"	"House253-14111-MALE_sampled_42.0304393715971"
"HOUSE2533-11370-FEMALE_SAMPLED_44.2406916270306"	"House2533-11370-FEMALE_sampled_44.2406916270306"
"HOUSE2537-10045-MALE_SAMPLED_44.8969971588758"	"House2537-10045-MALE_sampled_44.8969971588758"
"HOUSE2547-2565-FEMALE_SAMPLED_42.3346533707809"	"House2547-2565-FEMALE_sampled_42.3346533707809"
"HOUSE2553-13372-MALE_SAMPLED_43.0791947653051"	"House2553-13372-MALE_sampled_43.0791947653051"
"HOUSE2555-11537-MALE_SAMPLED_44.930388511124"	"House2555-11537-MALE_sampled_44.930388511124"
"HOUSE2558-13489-MALE_SAMPLED_43.4672670112923"	"House2558-13489-MALE_sampled_43.4672670112923"
"HOUSE2560-2573-FEMALE_SAMPLED_40.7486452016676"	"House2560-2573-FEMALE_sampled_40.7486452016676"
"HOUSE2563-14110-MALE_SAMPLED_41.2070285102419"	"House2563-14110-MALE_sampled_41.2070285102419"
"HOUSE2568-12621-MALE_SAMPLED_44.7084147279273"	"House2568-12621-MALE_sampled_44.7084147279273"
"HOUSE2569-8721-MALE_SAMPLED_42.4935634236317"	"House2569-8721-MALE_sampled_42.4935634236317"
"HOUSE258-13150-MALE_SAMPLED_42.2034183807401"	"House258-13150-MALE_sampled_42.2034183807401"
"HOUSE2582-7559-FEMALE_SAMPLED_42.4161172448657"	"House2582-7559-FEMALE_sampled_42.4161172448657"
"HOUSE2583-13564-MALE_SAMPLED_44.0478805580642"	"House2583-13564-MALE_sampled_44.0478805580642"
"HOUSE2590-14447-MALE_SAMPLED_42.6969934579927"	"House2590-14447-MALE_sampled_42.6969934579927"
"HOUSE2591-12553-MALE_SAMPLED_41.366989787688"	"House2591-12553-MALE_sampled_41.366989787688"
"HOUSE2593-14336-MALE_SAMPLED_41.2667395058088"	"House2593-14336-MALE_sampled_41.2667395058088"
"HOUSE2593-8800-FEMALE_SAMPLED_42.3555858875625"	"House2593-8800-FEMALE_sampled_42.3555858875625"
"HOUSE2595-11578-MALE_SAMPLED_44.4906584300299"	"House2595-11578-MALE_sampled_44.4906584300299"
"HOUSE2597-7877-MALE_SAMPLED_40.5028503932469"	"House2597-7877-MALE_sampled_40.5028503932469"
"HOUSE26-15700-MALE_SAMPLED_43.6688803497236"	"House26-15700-MALE_sampled_43.6688803497236"
"HOUSE2600-13232-MALE_SAMPLED_41.9287424629271"	"House2600-13232-MALE_sampled_41.9287424629271"
"HOUSE2606-8003-FEMALE_SAMPLED_41.6258078254759"	"House2606-8003-FEMALE_sampled_41.6258078254759"
"HOUSE2610-12957-MALE_SAMPLED_44.2829180844785"	"House2610-12957-MALE_sampled_44.2829180844785"
"HOUSE2614-8055-MALE_SAMPLED_42.3752083062301"	"House2614-8055-MALE_sampled_42.3752083062301"
"HOUSE2615-13508-MALE_SAMPLED_44.2596159500812"	"House2615-13508-MALE_sampled_44.2596159500812"
"HOUSE2619-9786-MALE_SAMPLED_40.0878625735641"	"House2619-9786-MALE_sampled_40.0878625735641"
"HOUSE2627-2637-FEMALE_SAMPLED_40.3304022680497"	"House2627-2637-FEMALE_sampled_40.3304022680497"
"HOUSE2635-15017-MALE_SAMPLED_40.6804603890695"	"House2635-15017-MALE_sampled_40.6804603890695"
"HOUSE2636-9089-MALE_SAMPLED_43.5644505728521"	"House2636-9089-MALE_sampled_43.5644505728521"
"HOUSE2637-14364-MALE_SAMPLED_44.6866547372126"	"House2637-14364-MALE_sampled_44.6866547372126"
"HOUSE2638-13111-MALE_SAMPLED_40.6643029846788"	"House2638-13111-MALE_sampled_40.6643029846788"
"HOUSE2638-14018-FEMALE_SAMPLED_43.7540368326696"	"House2638-14018-FEMALE_sampled_43.7540368326696"
"HOUSE265-12046-MALE_SAMPLED_40.1021148022004"	"House265-12046-MALE_sampled_40.1021148022004"
"HOUSE2654-2657-FEMALE_SAMPLED_44.2965248940785"	"House2654-2657-FEMALE_sampled_44.2965248940785"
"HOUSE2664-17154-FEMALE_SAMPLED_44.9689188837975"	"House2664-17154-FEMALE_sampled_44.9689188837975"
"HOUSE2664-2675-FEMALE_SAMPLED_40.0011063847597"	"House2664-2675-FEMALE_sampled_40.0011063847597"
"HOUSE2668-2678-MALE_SAMPLED_30.7082968745381"	"House2668-2678-MALE_sampled_30.7082968745381"
"HOUSE2673-12066-MALE_SAMPLED_42.5924972491339"	"House2673-12066-MALE_sampled_42.5924972491339"
"HOUSE2673-12323-FEMALE_SAMPLED_41.210501790979"	"House2673-12323-FEMALE_sampled_41.210501790979"
"HOUSE2675-12968-MALE_SAMPLED_40.3479833057582"	"House2675-12968-MALE_sampled_40.3479833057582"
"HOUSE2680-9527-FEMALE_SAMPLED_44.6066216216423"	"House2680-9527-FEMALE_sampled_44.6066216216423"
"HOUSE2682-15831-MALE_SAMPLED_40.8783888129983"	"House2682-15831-MALE_sampled_40.8783888129983"
"HOUSE2689-2705-FEMALE_SAMPLED_30.0081026313088"	"House2689-2705-FEMALE_sampled_30.0081026313088"
"HOUSE269-13719-MALE_SAMPLED_44.8127190966625"	"House269-13719-MALE_sampled_44.8127190966625"
"HOUSE2692-13717-MALE_SAMPLED_41.061254687819"	"House2692-13717-MALE_sampled_41.061254687819"
"HOUSE27-13493-FEMALE_SAMPLED_40.4096102772746"	"House27-13493-FEMALE_sampled_40.4096102772746"
"HOUSE2703-14607-MALE_SAMPLED_43.6780122946948"	"House2703-14607-MALE_sampled_43.6780122946948"
"HOUSE2715-11897-MALE_SAMPLED_40.002155912117"	"House2715-11897-MALE_sampled_40.002155912117"
"HOUSE2715-11923-FEMALE_SAMPLED_41.5932203566516"	"House2715-11923-FEMALE_sampled_41.5932203566516"
"HOUSE2716-16859-MALE_SAMPLED_43.7025719802232"	"House2716-16859-MALE_sampled_43.7025719802232"
"HOUSE2731-14200-FEMALE_SAMPLED_40.089880193118"	"House2731-14200-FEMALE_sampled_40.089880193118"
"HOUSE2739-16501-FEMALE_SAMPLED_41.8270521535203"	"House2739-16501-FEMALE_sampled_41.8270521535203"
"HOUSE2742-12707-FEMALE_SAMPLED_43.138017061865"	"House2742-12707-FEMALE_sampled_43.138017061865"
"HOUSE2746-13548-MALE_SAMPLED_42.6943336846307"	"House2746-13548-MALE_sampled_42.6943336846307"
"HOUSE2753-17893-MALE_SAMPLED_44.9886042117067"	"House2753-17893-MALE_sampled_44.9886042117067"
"HOUSE2759-12907-FEMALE_SAMPLED_41.0823204570912"	"House2759-12907-FEMALE_sampled_41.0823204570912"
"HOUSE2767-14738-MALE_SAMPLED_43.3822146301286"	"House2767-14738-MALE_sampled_43.3822146301286"
"HOUSE2775-12474-MALE_SAMPLED_42.9693865521886"	"House2775-12474-MALE_sampled_42.9693865521886"
"HOUSE2775-14211-FEMALE_SAMPLED_44.6786962761115"	"House2775-14211-FEMALE_sampled_44.6786962761115"
"HOUSE2779-14288-MALE_SAMPLED_43.2863177184481"	"House2779-14288-MALE_sampled_43.2863177184481"
"HOUSE2783-6585-MALE_SAMPLED_42.279888941031"	"House2783-6585-MALE_sampled_42.279888941031"
"HOUSE2794-15353-MALE_SAMPLED_44.633548091495"	"House2794-15353-MALE_sampled_44.633548091495"
"HOUSE2804-9967-MALE_SAMPLED_40.3620684139916"	"House2804-9967-MALE_sampled_40.3620684139916"
"HOUSE281-15743-FEMALE_SAMPLED_43.255370923264"	"House281-15743-FEMALE_sampled_43.255370923264"
"HOUSE2811-15838-MALE_SAMPLED_42.9568879640674"	"House2811-15838-MALE_sampled_42.9568879640674"
"HOUSE2822-7948-FEMALE_SAMPLED_40.6707842162687"	"House2822-7948-FEMALE_sampled_40.6707842162687"
"HOUSE2827-2823-FEMALE_SAMPLED_40.3198166751784"	"House2827-2823-FEMALE_sampled_40.3198166751784"
"HOUSE2830-12607-FEMALE_SAMPLED_40.3488167258911"	"House2830-12607-FEMALE_sampled_40.3488167258911"
"HOUSE2831-12057-FEMALE_SAMPLED_41.1423718805731"	"House2831-12057-FEMALE_sampled_41.1423718805731"
"HOUSE2831-14042-MALE_SAMPLED_42.7859262110183"	"House2831-14042-MALE_sampled_42.7859262110183"
"HOUSE2834-9178-FEMALE_SAMPLED_43.8455526845064"	"House2834-9178-FEMALE_sampled_43.8455526845064"
"HOUSE2838-10811-FEMALE_SAMPLED_43.5661383570269"	"House2838-10811-FEMALE_sampled_43.5661383570269"
"HOUSE2856-12118-FEMALE_SAMPLED_40.1494106232475"	"House2856-12118-FEMALE_sampled_40.1494106232475"
"HOUSE2859-13773-MALE_SAMPLED_40.2554971227234"	"House2859-13773-MALE_sampled_40.2554971227234"
"HOUSE2864-10993-MALE_SAMPLED_40.2176882227311"	"House2864-10993-MALE_sampled_40.2176882227311"
"HOUSE2867-12886-FEMALE_SAMPLED_44.0129823023151"	"House2867-12886-FEMALE_sampled_44.0129823023151"
"HOUSE2870-8123-MALE_SAMPLED_31.107157120714"	"House2870-8123-MALE_sampled_31.107157120714"
"HOUSE2870-8425-FEMALE_SAMPLED_40.0586615398061"	"House2870-8425-FEMALE_sampled_40.0586615398061"
"HOUSE2881-16059-MALE_SAMPLED_44.4757946423993"	"House2881-16059-MALE_sampled_44.4757946423993"
"HOUSE2889-2884-MALE_SAMPLED_43.2051649553685"	"House2889-2884-MALE_sampled_43.2051649553685"
"HOUSE2894-12935-MALE_SAMPLED_41.2455176299052"	"House2894-12935-MALE_sampled_41.2455176299052"
"HOUSE2898-10821-FEMALE_SAMPLED_40.1767098989766"	"House2898-10821-FEMALE_sampled_40.1767098989766"
"HOUSE2908-11327-FEMALE_SAMPLED_40.0044100122116"	"House2908-11327-FEMALE_sampled_40.0044100122116"
"HOUSE2911-10966-FEMALE_SAMPLED_40.9379506095399"	"House2911-10966-FEMALE_sampled_40.9379506095399"
"HOUSE2912-9628-MALE_SAMPLED_40.3975929587326"	"House2912-9628-MALE_sampled_40.3975929587326"
"HOUSE2917-16003-MALE_SAMPLED_44.2997081477137"	"House2917-16003-MALE_sampled_44.2997081477137"
"HOUSE2929-9586-MALE_SAMPLED_42.792507277336"	"House2929-9586-MALE_sampled_42.792507277336"
"HOUSE293-12122-MALE_SAMPLED_40.0909615313361"	"House293-12122-MALE_sampled_40.0909615313361"
"HOUSE2931-11532-FEMALE_SAMPLED_44.7996647236869"	"House2931-11532-FEMALE_sampled_44.7996647236869"
"HOUSE294-13492-FEMALE_SAMPLED_43.7705395545345"	"House294-13492-FEMALE_sampled_43.7705395545345"
"HOUSE2946-8000-FEMALE_SAMPLED_41.1535449675284"	"House2946-8000-FEMALE_sampled_41.1535449675284"
"HOUSE2948-8991-MALE_SAMPLED_42.2535344176276"	"House2948-8991-MALE_sampled_42.2535344176276"
"HOUSE2952-10915-FEMALE_SAMPLED_43.2164635085425"	"House2952-10915-FEMALE_sampled_43.2164635085425"
"HOUSE2954-17201-FEMALE_SAMPLED_44.5752822288349"	"House2954-17201-FEMALE_sampled_44.5752822288349"
"HOUSE2961-9228-MALE_SAMPLED_41.6344822594519"	"House2961-9228-MALE_sampled_41.6344822594519"
"HOUSE297-15728-FEMALE_SAMPLED_44.8245038597184"	"House297-15728-FEMALE_sampled_44.8245038597184"
"HOUSE2970-15173-MALE_SAMPLED_43.792978042623"	"House2970-15173-MALE_sampled_43.792978042623"
"HOUSE2973-13370-MALE_SAMPLED_43.2009838210492"	"House2973-13370-MALE_sampled_43.2009838210492"
"HOUSE2978-8450-MALE_SAMPLED_43.0892495482557"	"House2978-8450-MALE_sampled_43.0892495482557"
"HOUSE2983-12297-FEMALE_SAMPLED_44.9307346015598"	"House2983-12297-FEMALE_sampled_44.9307346015598"
"HOUSE2995-14842-MALE_SAMPLED_43.4274133481085"	"House2995-14842-MALE_sampled_43.4274133481085"
"HOUSE2998-12582-MALE_SAMPLED_44.0406303500622"	"House2998-12582-MALE_sampled_44.0406303500622"
"HOUSE30-12647-FEMALE_SAMPLED_43.5961428783482"	"House30-12647-FEMALE_sampled_43.5961428783482"
"HOUSE30-13475-MALE_SAMPLED_43.4330672568281"	"House30-13475-MALE_sampled_43.4330672568281"
"HOUSE300-10889-FEMALE_SAMPLED_41.6330373726316"	"House300-10889-FEMALE_sampled_41.6330373726316"
"HOUSE3004-8706-FEMALE_SAMPLED_41.7230665780644"	"House3004-8706-FEMALE_sampled_41.7230665780644"
"HOUSE3011-16456-MALE_SAMPLED_42.6778434422616"	"House3011-16456-MALE_sampled_42.6778434422616"
"HOUSE3021-11360-FEMALE_SAMPLED_42.1754057519138"	"House3021-11360-FEMALE_sampled_42.1754057519138"
"HOUSE3025-14287-MALE_SAMPLED_44.9006976232248"	"House3025-14287-MALE_sampled_44.9006976232248"
"HOUSE303-15487-FEMALE_SAMPLED_44.7965493045409"	"House303-15487-FEMALE_sampled_44.7965493045409"
"HOUSE3055-9661-FEMALE_SAMPLED_44.4873856310733"	"House3055-9661-FEMALE_sampled_44.4873856310733"
"HOUSE3089-14408-MALE_SAMPLED_43.0090761382246"	"House3089-14408-MALE_sampled_43.0090761382246"
"HOUSE3089-15308-FEMALE_SAMPLED_44.4117317053846"	"House3089-15308-FEMALE_sampled_44.4117317053846"
"HOUSE3109-3081-FEMALE_SAMPLED_43.0024513695389"	"House3109-3081-FEMALE_sampled_43.0024513695389"
"HOUSE3111-16536-MALE_SAMPLED_44.8789330995544"	"House3111-16536-MALE_sampled_44.8789330995544"
"HOUSE3112-3085-FEMALE_SAMPLED_40.0623672151127"	"House3112-3085-FEMALE_sampled_40.0623672151127"
"HOUSE3113-14097-FEMALE_SAMPLED_44.1120219283663"	"House3113-14097-FEMALE_sampled_44.1120219283663"
"HOUSE3120-14305-FEMALE_SAMPLED_43.1297000434888"	"House3120-14305-FEMALE_sampled_43.1297000434888"
"HOUSE3123-9671-MALE_SAMPLED_40.6610543749245"	"House3123-9671-MALE_sampled_40.6610543749245"
"HOUSE3124-13058-MALE_SAMPLED_43.1214573061334"	"House3124-13058-MALE_sampled_43.1214573061334"
"HOUSE3128-3096-MALE_SAMPLED_40.5586639305477"	"House3128-3096-MALE_sampled_40.5586639305477"
"HOUSE3137-12892-FEMALE_SAMPLED_42.4513491312973"	"House3137-12892-FEMALE_sampled_42.4513491312973"
"HOUSE3154-12248-FEMALE_SAMPLED_43.4869962071329"	"House3154-12248-FEMALE_sampled_43.4869962071329"
"HOUSE3158-3124-MALE_SAMPLED_42.6657119335141"	"House3158-3124-MALE_sampled_42.6657119335141"
"HOUSE3185-15459-FEMALE_SAMPLED_44.4226893212181"	"House3185-15459-FEMALE_sampled_44.4226893212181"
"HOUSE3192-3145-FEMALE_SAMPLED_24.4111387526749"	"House3192-3145-FEMALE_sampled_24.4111387526749"
"HOUSE3212-13890-MALE_SAMPLED_44.6777054739262"	"House3212-13890-MALE_sampled_44.6777054739262"
"HOUSE3213-8194-MALE_SAMPLED_43.4193289052099"	"House3213-8194-MALE_sampled_43.4193289052099"
"HOUSE3224-3174-MALE_SAMPLED_40.5812658602372"	"House3224-3174-MALE_sampled_40.5812658602372"
"HOUSE3224-3175-FEMALE_SAMPLED_40.4855984627525"	"House3224-3175-FEMALE_sampled_40.4855984627525"
"HOUSE3243-3200-MALE_SAMPLED_40.7520377112087"	"House3243-3200-MALE_sampled_40.7520377112087"
"HOUSE3246-3207-FEMALE_SAMPLED_44.7867799725771"	"House3246-3207-FEMALE_sampled_44.7867799725771"
"HOUSE326-11976-FEMALE_SAMPLED_43.403070733184"	"House326-11976-FEMALE_sampled_43.403070733184"
"HOUSE3263-3223-FEMALE_SAMPLED_40.0120312780171"	"House3263-3223-FEMALE_sampled_40.0120312780171"
"HOUSE3264-8591-MALE_SAMPLED_40.0151534277969"	"House3264-8591-MALE_sampled_40.0151534277969"
"HOUSE3272-3228-MALE_SAMPLED_41.6235988133121"	"House3272-3228-MALE_sampled_41.6235988133121"
"HOUSE3291-8437-MALE_SAMPLED_43.7247279926669"	"House3291-8437-MALE_sampled_43.7247279926669"
"HOUSE3291-9850-FEMALE_SAMPLED_43.6718189362111"	"House3291-9850-FEMALE_sampled_43.6718189362111"
"HOUSE3296-3257-FEMALE_SAMPLED_44.8502644824387"	"House3296-3257-FEMALE_sampled_44.8502644824387"
"HOUSE3302-13307-MALE_SAMPLED_40.2741619959048"	"House3302-13307-MALE_sampled_40.2741619959048"
"HOUSE3302-3261-FEMALE_SAMPLED_42.1160429560219"	"House3302-3261-FEMALE_sampled_42.1160429560219"
"HOUSE3303-10882-MALE_SAMPLED_44.1186784874548"	"House3303-10882-MALE_sampled_44.1186784874548"
"HOUSE3307-12683-FEMALE_SAMPLED_43.9530295311568"	"House3307-12683-FEMALE_sampled_43.9530295311568"
"HOUSE3313-7814-FEMALE_SAMPLED_44.8952089836331"	"House3313-7814-FEMALE_sampled_44.8952089836331"
"HOUSE3320-16449-FEMALE_SAMPLED_42.6062945269597"	"House3320-16449-FEMALE_sampled_42.6062945269597"
"HOUSE3326-13133-MALE_SAMPLED_42.4888302779542"	"House3326-13133-MALE_sampled_42.4888302779542"
"HOUSE3343-9858-FEMALE_SAMPLED_40.4005463455622"	"House3343-9858-FEMALE_sampled_40.4005463455622"
"HOUSE3350-15171-MALE_SAMPLED_40.1926169823855"	"House3350-15171-MALE_sampled_40.1926169823855"
"HOUSE3352-13462-FEMALE_SAMPLED_43.5169845301778"	"House3352-13462-FEMALE_sampled_43.5169845301778"
"HOUSE3357-13087-MALE_SAMPLED_40.7439979027834"	"House3357-13087-MALE_sampled_40.7439979027834"
"HOUSE3364-14031-FEMALE_SAMPLED_42.2165964935056"	"House3364-14031-FEMALE_sampled_42.2165964935056"
"HOUSE3384-11838-MALE_SAMPLED_40.1930460066148"	"House3384-11838-MALE_sampled_40.1930460066148"
"HOUSE3401-11490-FEMALE_SAMPLED_43.0459162362393"	"House3401-11490-FEMALE_sampled_43.0459162362393"
"HOUSE3402-11240-FEMALE_SAMPLED_44.8209396727596"	"House3402-11240-FEMALE_sampled_44.8209396727596"
"HOUSE3402-9573-MALE_SAMPLED_43.9213445480103"	"House3402-9573-MALE_sampled_43.9213445480103"
"HOUSE3408-11974-FEMALE_SAMPLED_40.646541537717"	"House3408-11974-FEMALE_sampled_40.646541537717"
"HOUSE3421-15160-MALE_SAMPLED_44.6042144786528"	"House3421-15160-MALE_sampled_44.6042144786528"
"HOUSE3424-9471-MALE_SAMPLED_40.0864195096495"	"House3424-9471-MALE_sampled_40.0864195096495"
"HOUSE3424-9656-FEMALE_SAMPLED_44.4143385894131"	"House3424-9656-FEMALE_sampled_44.4143385894131"
"HOUSE3425-8454-MALE_SAMPLED_41.4105947071221"	"House3425-8454-MALE_sampled_41.4105947071221"
"HOUSE3426-6776-MALE_SAMPLED_41.7325159007562"	"House3426-6776-MALE_sampled_41.7325159007562"
"HOUSE3429-3381-FEMALE_SAMPLED_41.5627039219522"	"House3429-3381-FEMALE_sampled_41.5627039219522"
"HOUSE344-17263-MALE_SAMPLED_44.4933940535179"	"House344-17263-MALE_sampled_44.4933940535179"
"HOUSE3448-13843-FEMALE_SAMPLED_43.4720435390526"	"House3448-13843-FEMALE_sampled_43.4720435390526"
"HOUSE345-9899-FEMALE_SAMPLED_40.014516764871"	"House345-9899-FEMALE_sampled_40.014516764871"
"HOUSE3451-12354-FEMALE_SAMPLED_41.4355511781178"	"House3451-12354-FEMALE_sampled_41.4355511781178"
"HOUSE346-11220-FEMALE_SAMPLED_44.7428930697644"	"House346-11220-FEMALE_sampled_44.7428930697644"
"HOUSE3476-7434-MALE_SAMPLED_41.240714742628"	"House3476-7434-MALE_sampled_41.240714742628"
"HOUSE348-333-FEMALE_SAMPLED_44.016972387908"	"House348-333-FEMALE_sampled_44.016972387908"
"HOUSE3481-12096-MALE_SAMPLED_32.80740287141"	"House3481-12096-MALE_sampled_32.80740287141"
"HOUSE3481-3433-FEMALE_SAMPLED_40.0004452418735"	"House3481-3433-FEMALE_sampled_40.0004452418735"
"HOUSE3482-10131-MALE_SAMPLED_40.707562536507"	"House3482-10131-MALE_sampled_40.707562536507"
"HOUSE3495-17301-FEMALE_SAMPLED_44.9935288649467"	"House3495-17301-FEMALE_sampled_44.9935288649467"
"HOUSE3495-3442-MALE_SAMPLED_44.2913165401136"	"House3495-3442-MALE_sampled_44.2913165401136"
"HOUSE3495-3443-FEMALE_SAMPLED_40.5544336062789"	"House3495-3443-FEMALE_sampled_40.5544336062789"
"HOUSE351-338-MALE_SAMPLED_44.5933103724383"	"House351-338-MALE_sampled_44.5933103724383"
"HOUSE3510-3456-MALE_SAMPLED_21.2873597344586"	"House3510-3456-MALE_sampled_21.2873597344586"
"HOUSE3519-14710-FEMALE_SAMPLED_43.9834359113593"	"House3519-14710-FEMALE_sampled_43.9834359113593"
"HOUSE3527-3472-MALE_SAMPLED_40.7580152477749"	"House3527-3472-MALE_sampled_40.7580152477749"
"HOUSE3529-13977-MALE_SAMPLED_40.4074957095273"	"House3529-13977-MALE_sampled_40.4074957095273"
"HOUSE353-14997-MALE_SAMPLED_43.4145323207794"	"House353-14997-MALE_sampled_43.4145323207794"
"HOUSE353-16018-FEMALE_SAMPLED_43.9794479605334"	"House353-16018-FEMALE_sampled_43.9794479605334"
"HOUSE3530-11850-MALE_SAMPLED_41.0408653104476"	"House3530-11850-MALE_sampled_41.0408653104476"
"HOUSE3535-3482-MALE_SAMPLED_44.741701179473"	"House3535-3482-MALE_sampled_44.741701179473"
"HOUSE3539-12331-MALE_SAMPLED_41.7082955428547"	"House3539-12331-MALE_sampled_41.7082955428547"
"HOUSE3541-11463-MALE_SAMPLED_41.8358536440552"	"House3541-11463-MALE_sampled_41.8358536440552"
"HOUSE3542-3492-MALE_SAMPLED_43.5962212998365"	"House3542-3492-MALE_sampled_43.5962212998365"
"HOUSE3542-3493-FEMALE_SAMPLED_41.6573360969839"	"House3542-3493-FEMALE_sampled_41.6573360969839"
"HOUSE3548-11336-MALE_SAMPLED_32.6462615594219"	"House3548-11336-MALE_sampled_32.6462615594219"
"HOUSE3554-14994-FEMALE_SAMPLED_40.6150956312194"	"House3554-14994-FEMALE_sampled_40.6150956312194"
"HOUSE356-344-MALE_SAMPLED_40.4432341150726"	"House356-344-MALE_sampled_40.4432341150726"
"HOUSE3568-17196-MALE_SAMPLED_44.6375582381899"	"House3568-17196-MALE_sampled_44.6375582381899"
"HOUSE3575-12236-MALE_SAMPLED_41.879854593426"	"House3575-12236-MALE_sampled_41.879854593426"
"HOUSE3575-13752-FEMALE_SAMPLED_44.3060465447284"	"House3575-13752-FEMALE_sampled_44.3060465447284"
"HOUSE3583-7716-MALE_SAMPLED_44.3749261915218"	"House3583-7716-MALE_sampled_44.3749261915218"
"HOUSE3607-10470-FEMALE_SAMPLED_40.6157614144516"	"House3607-10470-FEMALE_sampled_40.6157614144516"
"HOUSE3616-13391-FEMALE_SAMPLED_40.6345211186722"	"House3616-13391-FEMALE_sampled_40.6345211186722"
"HOUSE3619-3564-MALE_SAMPLED_42.1130248173069"	"House3619-3564-MALE_sampled_42.1130248173069"
"HOUSE3620-3566-MALE_SAMPLED_43.0801197156459"	"House3620-3566-MALE_sampled_43.0801197156459"
"HOUSE364-15813-MALE_SAMPLED_44.7858536532409"	"House364-15813-MALE_sampled_44.7858536532409"
"HOUSE3649-13543-MALE_SAMPLED_42.03636550583"	"House3649-13543-MALE_sampled_42.03636550583"
"HOUSE3651-3595-FEMALE_SAMPLED_41.9283354467792"	"House3651-3595-FEMALE_sampled_41.9283354467792"
"HOUSE3666-3607-FEMALE_SAMPLED_41.6890364691034"	"House3666-3607-FEMALE_sampled_41.6890364691034"
"HOUSE3668-8720-MALE_SAMPLED_20.9779496319068"	"House3668-8720-MALE_sampled_20.9779496319068"
"HOUSE367-11932-MALE_SAMPLED_41.2747218082667"	"House367-11932-MALE_sampled_41.2747218082667"
"HOUSE367-12448-FEMALE_SAMPLED_44.8320444247057"	"House367-12448-FEMALE_sampled_44.8320444247057"
"HOUSE3679-3620-MALE_SAMPLED_40.0193302768803"	"House3679-3620-MALE_sampled_40.0193302768803"
"HOUSE3681-3623-FEMALE_SAMPLED_40.1085365480234"	"House3681-3623-FEMALE_sampled_40.1085365480234"
"HOUSE3685-15699-FEMALE_SAMPLED_42.6478774765147"	"House3685-15699-FEMALE_sampled_42.6478774765147"
"HOUSE3685-3624-MALE_SAMPLED_40.0880784551252"	"House3685-3624-MALE_sampled_40.0880784551252"
"HOUSE369-16443-FEMALE_SAMPLED_41.6003634308277"	"House369-16443-FEMALE_sampled_41.6003634308277"
"HOUSE3694-3634-MALE_SAMPLED_41.4127760588026"	"House3694-3634-MALE_sampled_41.4127760588026"
"HOUSE3699-10529-FEMALE_SAMPLED_41.1254301098864"	"House3699-10529-FEMALE_sampled_41.1254301098864"
"HOUSE3713-3656-MALE_SAMPLED_43.1257530786494"	"House3713-3656-MALE_sampled_43.1257530786494"
"HOUSE3714-3658-MALE_SAMPLED_44.1644008503822"	"House3714-3658-MALE_sampled_44.1644008503822"
"HOUSE3726-3666-MALE_SAMPLED_44.1867376614927"	"House3726-3666-MALE_sampled_44.1867376614927"
"HOUSE3727-15191-MALE_SAMPLED_43.5451795090921"	"House3727-15191-MALE_sampled_43.5451795090921"
"HOUSE3728-15170-MALE_SAMPLED_44.6826625031452"	"House3728-15170-MALE_sampled_44.6826625031452"
"HOUSE3728-9403-FEMALE_SAMPLED_44.1440698139641"	"House3728-9403-FEMALE_sampled_44.1440698139641"
"HOUSE3738-8707-FEMALE_SAMPLED_41.9779956131242"	"House3738-8707-FEMALE_sampled_41.9779956131242"
"HOUSE3740-10265-FEMALE_SAMPLED_41.6083220893051"	"House3740-10265-FEMALE_sampled_41.6083220893051"
"HOUSE3742-3690-MALE_SAMPLED_43.5352862116501"	"House3742-3690-MALE_sampled_43.5352862116501"
"HOUSE3742-3691-FEMALE_SAMPLED_44.6047154077558"	"House3742-3691-FEMALE_sampled_44.6047154077558"
"HOUSE3745-12501-MALE_SAMPLED_43.1062629295047"	"House3745-12501-MALE_sampled_43.1062629295047"
"HOUSE3754-8996-FEMALE_SAMPLED_41.6583336043068"	"House3754-8996-FEMALE_sampled_41.6583336043068"
"HOUSE3775-14035-MALE_SAMPLED_40.1019201869807"	"House3775-14035-MALE_sampled_40.1019201869807"
"HOUSE3776-6969-FEMALE_SAMPLED_42.153039277764"	"House3776-6969-FEMALE_sampled_42.153039277764"
"HOUSE3790-10893-MALE_SAMPLED_40.4674227183577"	"House3790-10893-MALE_sampled_40.4674227183577"
"HOUSE38-12000-MALE_SAMPLED_41.6970814492183"	"House38-12000-MALE_sampled_41.6970814492183"
"HOUSE380-11709-MALE_SAMPLED_40.4579052423126"	"House380-11709-MALE_sampled_40.4579052423126"
"HOUSE3814-12265-MALE_SAMPLED_40.090692387317"	"House3814-12265-MALE_sampled_40.090692387317"
"HOUSE3824-3778-MALE_SAMPLED_44.3744758195899"	"House3824-3778-MALE_sampled_44.3744758195899"
"HOUSE3831-11287-MALE_SAMPLED_41.6800974332727"	"House3831-11287-MALE_sampled_41.6800974332727"
"HOUSE3831-11401-FEMALE_SAMPLED_41.872478206642"	"House3831-11401-FEMALE_sampled_41.872478206642"
"HOUSE3840-8805-MALE_SAMPLED_43.7261707878256"	"House3840-8805-MALE_sampled_43.7261707878256"
"HOUSE3846-15726-MALE_SAMPLED_44.1482871969868"	"House3846-15726-MALE_sampled_44.1482871969868"
"HOUSE387-9115-FEMALE_SAMPLED_42.2670231803058"	"House387-9115-FEMALE_sampled_42.2670231803058"
"HOUSE3896-11817-FEMALE_SAMPLED_44.825868666699"	"House3896-11817-FEMALE_sampled_44.825868666699"
"HOUSE3901-3862-MALE_SAMPLED_44.9905140086284"	"House3901-3862-MALE_sampled_44.9905140086284"
"HOUSE391-14821-FEMALE_SAMPLED_41.0294263692887"	"House391-14821-FEMALE_sampled_41.0294263692887"
"HOUSE3921-3881-FEMALE_SAMPLED_44.4292084723398"	"House3921-3881-FEMALE_sampled_44.4292084723398"
"HOUSE3924-11165-FEMALE_SAMPLED_40.8904042494519"	"House3924-11165-FEMALE_sampled_40.8904042494519"
"HOUSE394-14517-MALE_SAMPLED_40.5594408873003"	"House394-14517-MALE_sampled_40.5594408873003"
"HOUSE3942-15281-MALE_SAMPLED_41.3532191561535"	"House3942-15281-MALE_sampled_41.3532191561535"
"HOUSE3955-14310-MALE_SAMPLED_41.0549484142223"	"House3955-14310-MALE_sampled_41.0549484142223"
"HOUSE3977-11590-FEMALE_SAMPLED_41.6541698576381"	"House3977-11590-FEMALE_sampled_41.6541698576381"
"HOUSE3994-13912-MALE_SAMPLED_42.3299100688843"	"House3994-13912-MALE_sampled_42.3299100688843"
"HOUSE400-13533-MALE_SAMPLED_44.9145570385735"	"House400-13533-MALE_sampled_44.9145570385735"
"HOUSE4021-3980-MALE_SAMPLED_40.3185205569282"	"House4021-3980-MALE_sampled_40.3185205569282"
"HOUSE4029-3990-MALE_SAMPLED_44.9548652347085"	"House4029-3990-MALE_sampled_44.9548652347085"
"HOUSE403-10918-MALE_SAMPLED_40.2710604024974"	"House403-10918-MALE_sampled_40.2710604024974"
"HOUSE4034-8195-MALE_SAMPLED_42.7327772659483"	"House4034-8195-MALE_sampled_42.7327772659483"
"HOUSE4042-11608-FEMALE_SAMPLED_42.6507376355585"	"House4042-11608-FEMALE_sampled_42.6507376355585"
"HOUSE4048-9924-MALE_SAMPLED_44.3837124270962"	"House4048-9924-MALE_sampled_44.3837124270962"
"HOUSE406-391-FEMALE_SAMPLED_40.4983656413609"	"House406-391-FEMALE_sampled_40.4983656413609"
"HOUSE4060-4013-FEMALE_SAMPLED_41.9256555149332"	"House4060-4013-FEMALE_sampled_41.9256555149332"
"HOUSE4065-10241-MALE_SAMPLED_43.020334382258"	"House4065-10241-MALE_sampled_43.020334382258"
"HOUSE4068-16020-FEMALE_SAMPLED_41.7311039899924"	"House4068-16020-FEMALE_sampled_41.7311039899924"
"HOUSE407-393-FEMALE_SAMPLED_40.4669411678333"	"House407-393-FEMALE_sampled_40.4669411678333"
"HOUSE4076-11816-FEMALE_SAMPLED_44.638499651337"	"House4076-11816-FEMALE_sampled_44.638499651337"
"HOUSE4091-13421-FEMALE_SAMPLED_41.213294870963"	"House4091-13421-FEMALE_sampled_41.213294870963"
"HOUSE4109-12893-MALE_SAMPLED_43.4035928327868"	"House4109-12893-MALE_sampled_43.4035928327868"
"HOUSE4109-13345-FEMALE_SAMPLED_44.939639329798"	"House4109-13345-FEMALE_sampled_44.939639329798"
"HOUSE4125-7154-FEMALE_SAMPLED_41.6544396993145"	"House4125-7154-FEMALE_sampled_41.6544396993145"
"HOUSE4158-10645-MALE_SAMPLED_40.1097034795654"	"House4158-10645-MALE_sampled_40.1097034795654"
"HOUSE4164-9734-MALE_SAMPLED_42.3096457862984"	"House4164-9734-MALE_sampled_42.3096457862984"
"HOUSE4173-7515-MALE_SAMPLED_44.4223610101238"	"House4173-7515-MALE_sampled_44.4223610101238"
"HOUSE4179-6629-FEMALE_SAMPLED_43.3610652545218"	"House4179-6629-FEMALE_sampled_43.3610652545218"
"HOUSE418-6270-FEMALE_SAMPLED_41.0329713839048"	"House418-6270-FEMALE_sampled_41.0329713839048"
"HOUSE4192-14407-FEMALE_SAMPLED_40.2087380597368"	"House4192-14407-FEMALE_sampled_40.2087380597368"
"HOUSE4205-11676-FEMALE_SAMPLED_40.1528290639696"	"House4205-11676-FEMALE_sampled_40.1528290639696"
"HOUSE4210-13416-FEMALE_SAMPLED_41.9264550826273"	"House4210-13416-FEMALE_sampled_41.9264550826273"
"HOUSE4216-13740-MALE_SAMPLED_44.765582702544"	"House4216-13740-MALE_sampled_44.765582702544"
"HOUSE4216-13748-FEMALE_SAMPLED_44.5778200417703"	"House4216-13748-FEMALE_sampled_44.5778200417703"
"HOUSE4233-4185-FEMALE_SAMPLED_43.8995790322296"	"House4233-4185-FEMALE_sampled_43.8995790322296"
"HOUSE4238-14147-MALE_SAMPLED_43.8566088676453"	"House4238-14147-MALE_sampled_43.8566088676453"
"HOUSE4247-12998-MALE_SAMPLED_41.6435110091697"	"House4247-12998-MALE_sampled_41.6435110091697"
"HOUSE4255-11649-MALE_SAMPLED_40.4727730262548"	"House4255-11649-MALE_sampled_40.4727730262548"
"HOUSE4255-11739-FEMALE_SAMPLED_40.9461551452397"	"House4255-11739-FEMALE_sampled_40.9461551452397"
"HOUSE4256-16741-MALE_SAMPLED_44.3114937486357"	"House4256-16741-MALE_sampled_44.3114937486357"
"HOUSE426-10180-FEMALE_SAMPLED_41.7805468509065"	"House426-10180-FEMALE_sampled_41.7805468509065"
"HOUSE426-12572-MALE_SAMPLED_41.2037089969791"	"House426-12572-MALE_sampled_41.2037089969791"
"HOUSE4279-8494-MALE_SAMPLED_44.1454914724454"	"House4279-8494-MALE_sampled_44.1454914724454"
"HOUSE4288-4246-MALE_SAMPLED_44.9314593703354"	"House4288-4246-MALE_sampled_44.9314593703354"
"HOUSE4293-6848-FEMALE_SAMPLED_42.1218385531022"	"House4293-6848-FEMALE_sampled_42.1218385531022"
"HOUSE43-33-FEMALE_SAMPLED_40.089982409283"	"House43-33-FEMALE_sampled_40.089982409283"
"HOUSE430-8359-MALE_SAMPLED_30.8956870192196"	"House430-8359-MALE_sampled_30.8956870192196"
"HOUSE4310-4264-MALE_SAMPLED_30.264392799113"	"House4310-4264-MALE_sampled_30.264392799113"
"HOUSE4318-4275-FEMALE_SAMPLED_44.8133343120571"	"House4318-4275-FEMALE_sampled_44.8133343120571"
"HOUSE4328-4283-FEMALE_SAMPLED_40.1027639585708"	"House4328-4283-FEMALE_sampled_40.1027639585708"
"HOUSE4336-12361-FEMALE_SAMPLED_41.7085331144278"	"House4336-12361-FEMALE_sampled_41.7085331144278"
"HOUSE435-421-FEMALE_SAMPLED_44.2211895402454"	"House435-421-FEMALE_sampled_44.2211895402454"
"HOUSE4355-10594-MALE_SAMPLED_44.6047116154573"	"House4355-10594-MALE_sampled_44.6047116154573"
"HOUSE436-423-FEMALE_SAMPLED_20.5177062214352"	"House436-423-FEMALE_sampled_20.5177062214352"
"HOUSE4364-12914-MALE_SAMPLED_43.2224682194646"	"House4364-12914-MALE_sampled_43.2224682194646"
"HOUSE4365-4331-FEMALE_SAMPLED_44.7574582820693"	"House4365-4331-FEMALE_sampled_44.7574582820693"
"HOUSE4366-12257-MALE_SAMPLED_41.1950955659479"	"House4366-12257-MALE_sampled_41.1950955659479"
"HOUSE4380-4344-MALE_SAMPLED_43.6964147724211"	"House4380-4344-MALE_sampled_43.6964147724211"
"HOUSE4392-10420-MALE_SAMPLED_41.8125225096483"	"House4392-10420-MALE_sampled_41.8125225096483"
"HOUSE4392-11367-FEMALE_SAMPLED_43.9469698739582"	"House4392-11367-FEMALE_sampled_43.9469698739582"
"HOUSE4398-12410-MALE_SAMPLED_43.1934238598877"	"House4398-12410-MALE_sampled_43.1934238598877"
"HOUSE4402-13381-FEMALE_SAMPLED_42.3545468809328"	"House4402-13381-FEMALE_sampled_42.3545468809328"
"HOUSE4421-14207-MALE_SAMPLED_43.4574165399052"	"House4421-14207-MALE_sampled_43.4574165399052"
"HOUSE4425-11265-MALE_SAMPLED_40.7310725144362"	"House4425-11265-MALE_sampled_40.7310725144362"
"HOUSE4432-13532-MALE_SAMPLED_42.2406000003684"	"House4432-13532-MALE_sampled_42.2406000003684"
"HOUSE4438-6639-FEMALE_SAMPLED_41.4636309206715"	"House4438-6639-FEMALE_sampled_41.4636309206715"
"HOUSE444-11584-MALE_SAMPLED_41.1428835405968"	"House444-11584-MALE_sampled_41.1428835405968"
"HOUSE4444-7668-FEMALE_SAMPLED_44.3252623265527"	"House4444-7668-FEMALE_sampled_44.3252623265527"
"HOUSE4446-6470-FEMALE_SAMPLED_42.6588760179844"	"House4446-6470-FEMALE_sampled_42.6588760179844"
"HOUSE4451-9619-FEMALE_SAMPLED_42.0449595828541"	"House4451-9619-FEMALE_sampled_42.0449595828541"
"HOUSE4460-6877-FEMALE_SAMPLED_41.1647623535714"	"House4460-6877-FEMALE_sampled_41.1647623535714"
"HOUSE4466-4434-MALE_SAMPLED_42.2703293093946"	"House4466-4434-MALE_sampled_42.2703293093946"
"HOUSE4469-9229-MALE_SAMPLED_43.912344891578"	"House4469-9229-MALE_sampled_43.912344891578"
"HOUSE4473-4442-MALE_SAMPLED_44.592800972176"	"House4473-4442-MALE_sampled_44.592800972176"
"HOUSE4483-10426-FEMALE_SAMPLED_44.7090656324142"	"House4483-10426-FEMALE_sampled_44.7090656324142"
"HOUSE4494-11585-MALE_SAMPLED_42.3996778785049"	"House4494-11585-MALE_sampled_42.3996778785049"
"HOUSE4518-6457-MALE_SAMPLED_40.3822939343539"	"House4518-6457-MALE_sampled_40.3822939343539"
"HOUSE4548-10834-MALE_SAMPLED_44.7886361890142"	"House4548-10834-MALE_sampled_44.7886361890142"
"HOUSE4554-7757-FEMALE_SAMPLED_41.1193008849907"	"House4554-7757-FEMALE_sampled_41.1193008849907"
"HOUSE4556-4505-FEMALE_SAMPLED_43.5042619577143"	"House4556-4505-FEMALE_sampled_43.5042619577143"
"HOUSE4568-12740-FEMALE_SAMPLED_42.577965274686"	"House4568-12740-FEMALE_sampled_42.577965274686"
"HOUSE457-12356-MALE_SAMPLED_40.4818888160913"	"House457-12356-MALE_sampled_40.4818888160913"
"HOUSE4578-4527-FEMALE_SAMPLED_44.4565406134252"	"House4578-4527-FEMALE_sampled_44.4565406134252"
"HOUSE4590-8952-FEMALE_SAMPLED_40.4276034927344"	"House4590-8952-FEMALE_sampled_40.4276034927344"
"HOUSE4592-11237-MALE_SAMPLED_43.0951295653358"	"House4592-11237-MALE_sampled_43.0951295653358"
"HOUSE4597-16176-FEMALE_SAMPLED_44.3864295160655"	"House4597-16176-FEMALE_sampled_44.3864295160655"
"HOUSE4598-12490-MALE_SAMPLED_42.5576647371054"	"House4598-12490-MALE_sampled_42.5576647371054"
"HOUSE4603-14583-MALE_SAMPLED_43.3871590888714"	"House4603-14583-MALE_sampled_43.3871590888714"
"HOUSE4603-15590-FEMALE_SAMPLED_44.9675624726988"	"House4603-15590-FEMALE_sampled_44.9675624726988"
"HOUSE461-8057-FEMALE_SAMPLED_41.7463344956863"	"House461-8057-FEMALE_sampled_41.7463344956863"
"HOUSE4613-16526-MALE_SAMPLED_42.8386095122694"	"House4613-16526-MALE_sampled_42.8386095122694"
"HOUSE4620-13504-MALE_SAMPLED_40.5632442538626"	"House4620-13504-MALE_sampled_40.5632442538626"
"HOUSE4620-17046-FEMALE_SAMPLED_43.3457679727165"	"House4620-17046-FEMALE_sampled_43.3457679727165"
"HOUSE4622-14293-FEMALE_SAMPLED_40.774376106491"	"House4622-14293-FEMALE_sampled_40.774376106491"
"HOUSE4622-4582-MALE_SAMPLED_41.1350619384412"	"House4622-4582-MALE_sampled_41.1350619384412"
"HOUSE4624-4587-FEMALE_SAMPLED_44.9317258545477"	"House4624-4587-FEMALE_sampled_44.9317258545477"
"HOUSE4630-4595-FEMALE_SAMPLED_44.2444537989004"	"House4630-4595-FEMALE_sampled_44.2444537989004"
"HOUSE4634-4599-FEMALE_SAMPLED_40.0855446732327"	"House4634-4599-FEMALE_sampled_40.0855446732327"
"HOUSE4636-4601-FEMALE_SAMPLED_41.3619496766912"	"House4636-4601-FEMALE_sampled_41.3619496766912"
"HOUSE4647-14136-MALE_SAMPLED_44.0402163274121"	"House4647-14136-MALE_sampled_44.0402163274121"
"HOUSE4647-16988-FEMALE_SAMPLED_44.7294509550958"	"House4647-16988-FEMALE_sampled_44.7294509550958"
"HOUSE4649-13710-MALE_SAMPLED_41.7733940889593"	"House4649-13710-MALE_sampled_41.7733940889593"
"HOUSE4681-10310-MALE_SAMPLED_40.1669097749568"	"House4681-10310-MALE_sampled_40.1669097749568"
"HOUSE4686-14439-FEMALE_SAMPLED_41.9242202523513"	"House4686-14439-FEMALE_sampled_41.9242202523513"
"HOUSE4687-14753-FEMALE_SAMPLED_40.6613342326549"	"House4687-14753-FEMALE_sampled_40.6613342326549"
"HOUSE4692-4662-MALE_SAMPLED_44.4381112034898"	"House4692-4662-MALE_sampled_44.4381112034898"
"HOUSE4692-4663-FEMALE_SAMPLED_41.6021358742401"	"House4692-4663-FEMALE_sampled_41.6021358742401"
"HOUSE4700-4666-MALE_SAMPLED_42.2261148542353"	"House4700-4666-MALE_sampled_42.2261148542353"
"HOUSE4701-14789-FEMALE_SAMPLED_41.531709733665"	"House4701-14789-FEMALE_sampled_41.531709733665"
"HOUSE4719-10083-FEMALE_SAMPLED_40.0235991520204"	"House4719-10083-FEMALE_sampled_40.0235991520204"
"HOUSE4719-9939-MALE_SAMPLED_40.1727567531634"	"House4719-9939-MALE_sampled_40.1727567531634"
"HOUSE4733-12254-MALE_SAMPLED_43.9207525167149"	"House4733-12254-MALE_sampled_43.9207525167149"
"HOUSE4744-7074-FEMALE_SAMPLED_40.2793966469488"	"House4744-7074-FEMALE_sampled_40.2793966469488"
"HOUSE4750-8480-FEMALE_SAMPLED_44.8450119665358"	"House4750-8480-FEMALE_sampled_44.8450119665358"
"HOUSE4776-12314-FEMALE_SAMPLED_42.127124996623"	"House4776-12314-FEMALE_sampled_42.127124996623"
"HOUSE4780-8062-FEMALE_SAMPLED_40.387794636427"	"House4780-8062-FEMALE_sampled_40.387794636427"
"HOUSE4780-9467-MALE_SAMPLED_40.252445700156"	"House4780-9467-MALE_sampled_40.252445700156"
"HOUSE4788-4752-MALE_SAMPLED_30.5677786355373"	"House4788-4752-MALE_sampled_30.5677786355373"
"HOUSE4796-6461-MALE_SAMPLED_41.6478085599374"	"House4796-6461-MALE_sampled_41.6478085599374"
"HOUSE48-14052-FEMALE_SAMPLED_42.5087706767954"	"House48-14052-FEMALE_sampled_42.5087706767954"
"HOUSE4811-12544-MALE_SAMPLED_42.936933485347"	"House4811-12544-MALE_sampled_42.936933485347"
"HOUSE4840-9633-MALE_SAMPLED_40.0225396710467"	"House4840-9633-MALE_sampled_40.0225396710467"
"HOUSE485-15063-FEMALE_SAMPLED_44.4095570244826"	"House485-15063-FEMALE_sampled_44.4095570244826"
"HOUSE4853-4821-FEMALE_SAMPLED_40.1544402800494"	"House4853-4821-FEMALE_sampled_40.1544402800494"
"HOUSE4858-4827-FEMALE_SAMPLED_40.773198066745"	"House4858-4827-FEMALE_sampled_40.773198066745"
"HOUSE4867-8921-MALE_SAMPLED_43.1822018581443"	"House4867-8921-MALE_sampled_43.1822018581443"
"HOUSE4868-4843-FEMALE_SAMPLED_40.2926889592701"	"House4868-4843-FEMALE_sampled_40.2926889592701"
"HOUSE4872-14876-FEMALE_SAMPLED_41.2305538780749"	"House4872-14876-FEMALE_sampled_41.2305538780749"
"HOUSE4888-7788-FEMALE_SAMPLED_42.8402748618749"	"House4888-7788-FEMALE_sampled_42.8402748618749"
"HOUSE489-14584-FEMALE_SAMPLED_40.8973347045808"	"House489-14584-FEMALE_sampled_40.8973347045808"
"HOUSE4899-17760-FEMALE_SAMPLED_44.9854401365882"	"House4899-17760-FEMALE_sampled_44.9854401365882"
"HOUSE4909-4882-MALE_SAMPLED_43.2569358916953"	"House4909-4882-MALE_sampled_43.2569358916953"
"HOUSE492-13938-MALE_SAMPLED_41.5058413756541"	"House492-13938-MALE_sampled_41.5058413756541"
"HOUSE494-471-FEMALE_SAMPLED_41.0606989238974"	"House494-471-FEMALE_sampled_41.0606989238974"
"HOUSE4957-11691-FEMALE_SAMPLED_41.1275386752759"	"House4957-11691-FEMALE_sampled_41.1275386752759"
"HOUSE4962-11968-FEMALE_SAMPLED_40.4687339980693"	"House4962-11968-FEMALE_sampled_40.4687339980693"
"HOUSE4983-9983-MALE_SAMPLED_41.1695561714134"	"House4983-9983-MALE_sampled_41.1695561714134"
"HOUSE499-476-MALE_SAMPLED_40.1270360184291"	"House499-476-MALE_sampled_40.1270360184291"
"HOUSE4994-13422-MALE_SAMPLED_43.1238278816454"	"House4994-13422-MALE_sampled_43.1238278816454"
"HOUSE4997-14313-FEMALE_SAMPLED_42.1428584273666"	"House4997-14313-FEMALE_sampled_42.1428584273666"
"HOUSE5010-14284-MALE_SAMPLED_42.3615162551869"	"House5010-14284-MALE_sampled_42.3615162551869"
"HOUSE5013-15964-MALE_SAMPLED_44.2061864361048"	"House5013-15964-MALE_sampled_44.2061864361048"
"HOUSE5013-4985-FEMALE_SAMPLED_40.0179873942715"	"House5013-4985-FEMALE_sampled_40.0179873942715"
"HOUSE5017-7400-MALE_SAMPLED_40.2821371910563"	"House5017-7400-MALE_sampled_40.2821371910563"
"HOUSE503-14834-FEMALE_SAMPLED_44.928208970696"	"House503-14834-FEMALE_sampled_44.928208970696"
"HOUSE5031-10657-FEMALE_SAMPLED_40.5290019628782"	"House5031-10657-FEMALE_sampled_40.5290019628782"
"HOUSE5039-14945-MALE_SAMPLED_44.9252517700744"	"House5039-14945-MALE_sampled_44.9252517700744"
"HOUSE5051-11834-FEMALE_SAMPLED_40.5498446221463"	"House5051-11834-FEMALE_sampled_40.5498446221463"
"HOUSE5075-5043-FEMALE_SAMPLED_40.0804479913716"	"House5075-5043-FEMALE_sampled_40.0804479913716"
"HOUSE5078-6251-MALE_SAMPLED_40.3221104410477"	"House5078-6251-MALE_sampled_40.3221104410477"
"HOUSE5082-16792-MALE_SAMPLED_44.3723083343315"	"House5082-16792-MALE_sampled_44.3723083343315"
"HOUSE5083-11076-FEMALE_SAMPLED_41.3156528072432"	"House5083-11076-FEMALE_sampled_41.3156528072432"
"HOUSE509-14756-MALE_SAMPLED_41.1182609398384"	"House509-14756-MALE_sampled_41.1182609398384"
"HOUSE5095-10922-MALE_SAMPLED_42.9858051120696"	"House5095-10922-MALE_sampled_42.9858051120696"
"HOUSE5115-5077-FEMALE_SAMPLED_40.5476105219028"	"House5115-5077-FEMALE_sampled_40.5476105219028"
"HOUSE5130-8912-FEMALE_SAMPLED_30.8673028398771"	"House5130-8912-FEMALE_sampled_30.8673028398771"
"HOUSE5136-6686-FEMALE_SAMPLED_42.2637386381335"	"House5136-6686-FEMALE_sampled_42.2637386381335"
"HOUSE5144-9585-MALE_SAMPLED_32.5999724760186"	"House5144-9585-MALE_sampled_32.5999724760186"
"HOUSE5149-11160-MALE_SAMPLED_44.4923789741006"	"House5149-11160-MALE_sampled_44.4923789741006"
"HOUSE5158-7618-FEMALE_SAMPLED_42.4354271844005"	"House5158-7618-FEMALE_sampled_42.4354271844005"
"HOUSE516-9165-FEMALE_SAMPLED_31.8685680761158"	"House516-9165-FEMALE_sampled_31.8685680761158"
"HOUSE5161-15445-MALE_SAMPLED_40.9207369018624"	"House5161-15445-MALE_sampled_40.9207369018624"
"HOUSE5163-13001-MALE_SAMPLED_40.7440823417392"	"House5163-13001-MALE_sampled_40.7440823417392"
"HOUSE5167-15993-MALE_SAMPLED_43.1722268739273"	"House5167-15993-MALE_sampled_43.1722268739273"
"HOUSE5167-17006-FEMALE_SAMPLED_44.096416978402"	"House5167-17006-FEMALE_sampled_44.096416978402"
"HOUSE5175-9775-MALE_SAMPLED_42.8956302029985"	"House5175-9775-MALE_sampled_42.8956302029985"
"HOUSE5187-9396-MALE_SAMPLED_40.6607379446351"	"House5187-9396-MALE_sampled_40.6607379446351"
"HOUSE519-495-FEMALE_SAMPLED_44.3283447020941"	"House519-495-FEMALE_sampled_44.3283447020941"
"HOUSE5194-5162-MALE_SAMPLED_40.4309683390421"	"House5194-5162-MALE_sampled_40.4309683390421"
"HOUSE52-13410-MALE_SAMPLED_44.9766825675033"	"House52-13410-MALE_sampled_44.9766825675033"
"HOUSE52-15556-FEMALE_SAMPLED_44.9792985609582"	"House52-15556-FEMALE_sampled_44.9792985609582"
"HOUSE520-6549-MALE_SAMPLED_43.2787452984682"	"House520-6549-MALE_sampled_43.2787452984682"
"HOUSE5202-7563-MALE_SAMPLED_40.5459968547802"	"House5202-7563-MALE_sampled_40.5459968547802"
"HOUSE5208-10824-FEMALE_SAMPLED_40.068188723238"	"House5208-10824-FEMALE_sampled_40.068188723238"
"HOUSE521-13174-MALE_SAMPLED_44.5210798842592"	"House521-13174-MALE_sampled_44.5210798842592"
"HOUSE5216-10777-MALE_SAMPLED_42.4488913083989"	"House5216-10777-MALE_sampled_42.4488913083989"
"HOUSE5237-10309-MALE_SAMPLED_40.3458018665535"	"House5237-10309-MALE_sampled_40.3458018665535"
"HOUSE5237-9767-FEMALE_SAMPLED_40.1367577412749"	"House5237-9767-FEMALE_sampled_40.1367577412749"
"HOUSE524-16549-MALE_SAMPLED_44.9344930379896"	"House524-16549-MALE_sampled_44.9344930379896"
"HOUSE5248-13497-FEMALE_SAMPLED_44.1530433518346"	"House5248-13497-FEMALE_sampled_44.1530433518346"
"HOUSE5248-5222-MALE_SAMPLED_40.3435463702772"	"House5248-5222-MALE_sampled_40.3435463702772"
"HOUSE5268-11056-MALE_SAMPLED_44.6720524282419"	"House5268-11056-MALE_sampled_44.6720524282419"
"HOUSE5285-9968-FEMALE_SAMPLED_40.6419752920089"	"House5285-9968-FEMALE_sampled_40.6419752920089"
"HOUSE5288-10107-MALE_SAMPLED_44.1242297871515"	"House5288-10107-MALE_sampled_44.1242297871515"
"HOUSE5288-5267-FEMALE_SAMPLED_40.957099252733"	"House5288-5267-FEMALE_sampled_40.957099252733"
"HOUSE5309-5291-FEMALE_SAMPLED_40.5886591924354"	"House5309-5291-FEMALE_sampled_40.5886591924354"
"HOUSE5310-13297-MALE_SAMPLED_41.2323868495558"	"House5310-13297-MALE_sampled_41.2323868495558"
"HOUSE5318-5298-MALE_SAMPLED_41.2657169078011"	"House5318-5298-MALE_sampled_41.2657169078011"
"HOUSE532-8773-MALE_SAMPLED_42.2989762186883"	"House532-8773-MALE_sampled_42.2989762186883"
"HOUSE5346-10179-MALE_SAMPLED_42.808556657983"	"House5346-10179-MALE_sampled_42.808556657983"
"HOUSE5346-10375-FEMALE_SAMPLED_44.1310597094707"	"House5346-10375-FEMALE_sampled_44.1310597094707"
"HOUSE5352-14078-MALE_SAMPLED_41.8298821044852"	"House5352-14078-MALE_sampled_41.8298821044852"
"HOUSE5366-15134-FEMALE_SAMPLED_42.0672558010954"	"House5366-15134-FEMALE_sampled_42.0672558010954"
"HOUSE5377-14476-MALE_SAMPLED_41.4109405904589"	"House5377-14476-MALE_sampled_41.4109405904589"
"HOUSE5379-14257-MALE_SAMPLED_41.1472001229413"	"House5379-14257-MALE_sampled_41.1472001229413"
"HOUSE5386-11677-FEMALE_SAMPLED_43.0708948651195"	"House5386-11677-FEMALE_sampled_43.0708948651195"
"HOUSE5392-6679-FEMALE_SAMPLED_44.5402231579646"	"House5392-6679-FEMALE_sampled_44.5402231579646"
"HOUSE5398-10548-MALE_SAMPLED_43.3235440904525"	"House5398-10548-MALE_sampled_43.3235440904525"
"HOUSE5398-5379-FEMALE_SAMPLED_43.5041439754423"	"House5398-5379-FEMALE_sampled_43.5041439754423"
"HOUSE5410-5385-FEMALE_SAMPLED_43.6670591880102"	"House5410-5385-FEMALE_sampled_43.6670591880102"
"HOUSE5413-6889-MALE_SAMPLED_44.8999037668688"	"House5413-6889-MALE_sampled_44.8999037668688"
"HOUSE5419-5398-MALE_SAMPLED_44.0737203892786"	"House5419-5398-MALE_sampled_44.0737203892786"
"HOUSE5430-12193-MALE_SAMPLED_44.4367598302533"	"House5430-12193-MALE_sampled_44.4367598302533"
"HOUSE5432-13582-MALE_SAMPLED_43.6049317079831"	"House5432-13582-MALE_sampled_43.6049317079831"
"HOUSE5437-5421-FEMALE_SAMPLED_41.0257922745146"	"House5437-5421-FEMALE_sampled_41.0257922745146"
"HOUSE5440-5424-MALE_SAMPLED_23.9398544887081"	"House5440-5424-MALE_sampled_23.9398544887081"
"HOUSE5451-14832-FEMALE_SAMPLED_44.893293574418"	"House5451-14832-FEMALE_sampled_44.893293574418"
"HOUSE5454-5440-MALE_SAMPLED_41.4747119906225"	"House5454-5440-MALE_sampled_41.4747119906225"
"HOUSE5454-5441-FEMALE_SAMPLED_40.9674704220116"	"House5454-5441-FEMALE_sampled_40.9674704220116"
"HOUSE5462-14167-MALE_SAMPLED_42.4546507908847"	"House5462-14167-MALE_sampled_42.4546507908847"
"HOUSE5465-8708-MALE_SAMPLED_43.3667432271687"	"House5465-8708-MALE_sampled_43.3667432271687"
"HOUSE5468-5457-FEMALE_SAMPLED_42.778631100772"	"House5468-5457-FEMALE_sampled_42.778631100772"
"HOUSE5474-7968-MALE_SAMPLED_44.3413245992687"	"House5474-7968-MALE_sampled_44.3413245992687"
"HOUSE5474-8691-FEMALE_SAMPLED_40.4504273588911"	"House5474-8691-FEMALE_sampled_40.4504273588911"
"HOUSE5484-15871-MALE_SAMPLED_44.8931238237134"	"House5484-15871-MALE_sampled_44.8931238237134"
"HOUSE5485-14936-MALE_SAMPLED_40.3094009053893"	"House5485-14936-MALE_sampled_40.3094009053893"
"HOUSE5491-12706-FEMALE_SAMPLED_43.8369421207893"	"House5491-12706-FEMALE_sampled_43.8369421207893"
"HOUSE5508-5498-MALE_SAMPLED_40.0647308871322"	"House5508-5498-MALE_sampled_40.0647308871322"
"HOUSE5515-13328-MALE_SAMPLED_40.8944220277399"	"House5515-13328-MALE_sampled_40.8944220277399"
"HOUSE552-7373-FEMALE_SAMPLED_43.3639468962792"	"House552-7373-FEMALE_sampled_43.3639468962792"
"HOUSE5523-11591-FEMALE_SAMPLED_32.8438450810076"	"House5523-11591-FEMALE_sampled_32.8438450810076"
"HOUSE5523-17175-MALE_SAMPLED_44.7403325641592"	"House5523-17175-MALE_sampled_44.7403325641592"
"HOUSE5524-10595-MALE_SAMPLED_40.3051205404769"	"House5524-10595-MALE_sampled_40.3051205404769"
"HOUSE5526-12611-MALE_SAMPLED_41.5403788734693"	"House5526-12611-MALE_sampled_41.5403788734693"
"HOUSE5543-16739-FEMALE_SAMPLED_44.3952284914872"	"House5543-16739-FEMALE_sampled_44.3952284914872"
"HOUSE5552-8570-MALE_SAMPLED_40.1816582144663"	"House5552-8570-MALE_sampled_40.1816582144663"
"HOUSE5554-17025-MALE_SAMPLED_43.6031161519903"	"House5554-17025-MALE_sampled_43.6031161519903"
"HOUSE5554-7521-MALE_SAMPLED_40.0217295185516"	"House5554-7521-MALE_sampled_40.0217295185516"
"HOUSE5554-7601-FEMALE_SAMPLED_40.1780924724881"	"House5554-7601-FEMALE_sampled_40.1780924724881"
"HOUSE5559-8154-FEMALE_SAMPLED_40.2148225673621"	"House5559-8154-FEMALE_sampled_40.2148225673621"
"HOUSE5580-15200-FEMALE_SAMPLED_43.7674729804945"	"House5580-15200-FEMALE_sampled_43.7674729804945"
"HOUSE5586-8203-MALE_SAMPLED_41.5960376913761"	"House5586-8203-MALE_sampled_41.5960376913761"
"HOUSE559-13119-MALE_SAMPLED_41.1486431304365"	"House559-13119-MALE_sampled_41.1486431304365"
"HOUSE5595-5588-MALE_SAMPLED_42.6833396626194"	"House5595-5588-MALE_sampled_42.6833396626194"
"HOUSE5643-6450-MALE_SAMPLED_41.9686767560116"	"House5643-6450-MALE_sampled_41.9686767560116"
"HOUSE565-12042-MALE_SAMPLED_40.3803973682537"	"House565-12042-MALE_sampled_40.3803973682537"
"HOUSE5654-17176-FEMALE_SAMPLED_44.0043883572323"	"House5654-17176-FEMALE_sampled_44.0043883572323"
"HOUSE5667-10715-MALE_SAMPLED_44.5884190186494"	"House5667-10715-MALE_sampled_44.5884190186494"
"HOUSE5667-5653-FEMALE_SAMPLED_44.8832131638823"	"House5667-5653-FEMALE_sampled_44.8832131638823"
"HOUSE5669-5656-MALE_SAMPLED_44.8845460182207"	"House5669-5656-MALE_sampled_44.8845460182207"
"HOUSE567-14279-MALE_SAMPLED_44.7512564876623"	"House567-14279-MALE_sampled_44.7512564876623"
"HOUSE5671-13771-FEMALE_SAMPLED_44.1751501456532"	"House5671-13771-FEMALE_sampled_44.1751501456532"
"HOUSE5678-13009-MALE_SAMPLED_44.0719265772263"	"House5678-13009-MALE_sampled_44.0719265772263"
"HOUSE5680-9694-MALE_SAMPLED_44.6818792407699"	"House5680-9694-MALE_sampled_44.6818792407699"
"HOUSE5681-5670-MALE_SAMPLED_41.8727381963031"	"House5681-5670-MALE_sampled_41.8727381963031"
"HOUSE5693-13298-FEMALE_SAMPLED_42.7269947831519"	"House5693-13298-FEMALE_sampled_42.7269947831519"
"HOUSE5693-18277-MALE_SAMPLED_44.9866071196182"	"House5693-18277-MALE_sampled_44.9866071196182"
"HOUSE5701-5693-FEMALE_SAMPLED_40.2030184519008"	"House5701-5693-FEMALE_sampled_40.2030184519008"
"HOUSE5738-5719-FEMALE_SAMPLED_41.545662511021"	"House5738-5719-FEMALE_sampled_41.545662511021"
"HOUSE5749-5734-MALE_SAMPLED_40.7836077862238"	"House5749-5734-MALE_sampled_40.7836077862238"
"HOUSE5749-5735-FEMALE_SAMPLED_40.9112954582088"	"House5749-5735-FEMALE_sampled_40.9112954582088"
"HOUSE5757-5744-MALE_SAMPLED_42.2661295427189"	"House5757-5744-MALE_sampled_42.2661295427189"
"HOUSE5772-9961-MALE_SAMPLED_40.0063291292628"	"House5772-9961-MALE_sampled_40.0063291292628"
"HOUSE5795-15265-FEMALE_SAMPLED_43.1439909211568"	"House5795-15265-FEMALE_sampled_43.1439909211568"
"HOUSE580-13676-MALE_SAMPLED_41.2794049712829"	"House580-13676-MALE_sampled_41.2794049712829"
"HOUSE581-10883-FEMALE_SAMPLED_40.4711519807413"	"House581-10883-FEMALE_sampled_40.4711519807413"
"HOUSE581-16125-MALE_SAMPLED_41.9915664039998"	"House581-16125-MALE_sampled_41.9915664039998"
"HOUSE5810-15222-MALE_SAMPLED_44.257710827451"	"House5810-15222-MALE_sampled_44.257710827451"
"HOUSE5810-7449-FEMALE_SAMPLED_41.3132526604543"	"House5810-7449-FEMALE_sampled_41.3132526604543"
"HOUSE5815-9129-MALE_SAMPLED_42.0073561602488"	"House5815-9129-MALE_sampled_42.0073561602488"
"HOUSE5826-5808-MALE_SAMPLED_43.7168504169676"	"House5826-5808-MALE_sampled_43.7168504169676"
"HOUSE5836-7971-FEMALE_SAMPLED_41.7079049767926"	"House5836-7971-FEMALE_sampled_41.7079049767926"
"HOUSE5839-13559-MALE_SAMPLED_44.347374283243"	"House5839-13559-MALE_sampled_44.347374283243"
"HOUSE5845-5824-MALE_SAMPLED_43.226106519062"	"House5845-5824-MALE_sampled_43.226106519062"
"HOUSE5845-5825-FEMALE_SAMPLED_40.0639027686044"	"House5845-5825-FEMALE_sampled_40.0639027686044"
"HOUSE5851-5833-FEMALE_SAMPLED_44.634246135829"	"House5851-5833-FEMALE_sampled_44.634246135829"
"HOUSE5856-12303-FEMALE_SAMPLED_43.9890413515412"	"House5856-12303-FEMALE_sampled_43.9890413515412"
"HOUSE5862-6895-MALE_SAMPLED_40.2816811965426"	"House5862-6895-MALE_sampled_40.2816811965426"
"HOUSE5863-5840-MALE_SAMPLED_40.0698044290766"	"House5863-5840-MALE_sampled_40.0698044290766"
"HOUSE5863-6220-FEMALE_SAMPLED_41.4209013164509"	"House5863-6220-FEMALE_sampled_41.4209013164509"
"HOUSE5875-14888-MALE_SAMPLED_42.1128784789973"	"House5875-14888-MALE_sampled_42.1128784789973"
"HOUSE5882-5860-MALE_SAMPLED_44.1696476412471"	"House5882-5860-MALE_sampled_44.1696476412471"
"HOUSE5887-14292-FEMALE_SAMPLED_41.3709303655196"	"House5887-14292-FEMALE_sampled_41.3709303655196"
"HOUSE5893-5872-MALE_SAMPLED_43.6604723051912"	"House5893-5872-MALE_sampled_43.6604723051912"
"HOUSE59-12558-FEMALE_SAMPLED_40.0124546427537"	"House59-12558-FEMALE_sampled_40.0124546427537"
"HOUSE5902-15647-MALE_SAMPLED_43.0686854066852"	"House5902-15647-MALE_sampled_43.0686854066852"
"HOUSE592-14212-FEMALE_SAMPLED_40.7124407349563"	"House592-14212-FEMALE_sampled_40.7124407349563"
"HOUSE5923-5908-MALE_SAMPLED_43.5642997589627"	"House5923-5908-MALE_sampled_43.5642997589627"
"HOUSE5948-11243-FEMALE_SAMPLED_40.0162627976353"	"House5948-11243-FEMALE_sampled_40.0162627976353"
"HOUSE5959-12090-FEMALE_SAMPLED_42.3262776326036"	"House5959-12090-FEMALE_sampled_42.3262776326036"
"HOUSE5964-14327-FEMALE_SAMPLED_44.90026751689"	"House5964-14327-FEMALE_sampled_44.90026751689"
"HOUSE5964-7093-MALE_SAMPLED_44.7912122338474"	"House5964-7093-MALE_sampled_44.7912122338474"
"HOUSE5990-6497-MALE_SAMPLED_44.9991501645584"	"House5990-6497-MALE_sampled_44.9991501645584"
"HOUSE5995-5973-FEMALE_SAMPLED_41.5371059268575"	"House5995-5973-FEMALE_sampled_41.5371059268575"
"HOUSE6-14605-MALE_SAMPLED_44.3627630073044"	"House6-14605-MALE_sampled_44.3627630073044"
"HOUSE6001-14457-MALE_SAMPLED_44.306808163655"	"House6001-14457-MALE_sampled_44.306808163655"
"HOUSE6019-10637-FEMALE_SAMPLED_40.1119079652752"	"House6019-10637-FEMALE_sampled_40.1119079652752"
"HOUSE6019-10919-FEMALE_SAMPLED_42.9657125123776"	"House6019-10919-FEMALE_sampled_42.9657125123776"
"HOUSE6019-11025-FEMALE_SAMPLED_40.5488369690197"	"House6019-11025-FEMALE_sampled_40.5488369690197"
"HOUSE6019-11301-FEMALE_SAMPLED_42.3165688943966"	"House6019-11301-FEMALE_sampled_42.3165688943966"
"HOUSE6019-11480-FEMALE_SAMPLED_32.7846237865308"	"House6019-11480-FEMALE_sampled_32.7846237865308"
"HOUSE6019-11486-FEMALE_SAMPLED_44.9901171879235"	"House6019-11486-FEMALE_sampled_44.9901171879235"
"HOUSE6019-11784-FEMALE_SAMPLED_44.9961050926673"	"House6019-11784-FEMALE_sampled_44.9961050926673"
"HOUSE6019-11896-FEMALE_SAMPLED_42.8414853324648"	"House6019-11896-FEMALE_sampled_42.8414853324648"
"HOUSE6019-12016-FEMALE_SAMPLED_41.2670715083368"	"House6019-12016-FEMALE_sampled_41.2670715083368"
"HOUSE6019-12021-FEMALE_SAMPLED_40.717414614046"	"House6019-12021-FEMALE_sampled_40.717414614046"
"HOUSE6019-12138-FEMALE_SAMPLED_41.0995443328284"	"House6019-12138-FEMALE_sampled_41.0995443328284"
"HOUSE6019-12198-FEMALE_SAMPLED_42.9543405445293"	"House6019-12198-FEMALE_sampled_42.9543405445293"
"HOUSE6019-12235-FEMALE_SAMPLED_44.9856433927703"	"House6019-12235-FEMALE_sampled_44.9856433927703"
"HOUSE6019-12766-FEMALE_SAMPLED_41.863570223226"	"House6019-12766-FEMALE_sampled_41.863570223226"
"HOUSE6019-12835-FEMALE_SAMPLED_43.7878513743635"	"House6019-12835-FEMALE_sampled_43.7878513743635"
"HOUSE6019-12884-FEMALE_SAMPLED_40.3664322847808"	"House6019-12884-FEMALE_sampled_40.3664322847808"
"HOUSE6019-13034-FEMALE_SAMPLED_41.4319214096759"	"House6019-13034-FEMALE_sampled_41.4319214096759"
"HOUSE6019-13078-FEMALE_SAMPLED_43.1225592666306"	"House6019-13078-FEMALE_sampled_43.1225592666306"
"HOUSE6019-13264-FEMALE_SAMPLED_41.1473022218463"	"House6019-13264-FEMALE_sampled_41.1473022218463"
"HOUSE6019-13333-FEMALE_SAMPLED_41.7295690230094"	"House6019-13333-FEMALE_sampled_41.7295690230094"
"HOUSE6019-13432-FEMALE_SAMPLED_43.7964112719055"	"House6019-13432-FEMALE_sampled_43.7964112719055"
"HOUSE6019-13440-FEMALE_SAMPLED_40.6461498700082"	"House6019-13440-FEMALE_sampled_40.6461498700082"
"HOUSE6019-13650-FEMALE_SAMPLED_41.0107023175806"	"House6019-13650-FEMALE_sampled_41.0107023175806"
"HOUSE6019-13685-FEMALE_SAMPLED_42.0339343149681"	"House6019-13685-FEMALE_sampled_42.0339343149681"
"HOUSE6019-14023-FEMALE_SAMPLED_42.5170218752954"	"House6019-14023-FEMALE_sampled_42.5170218752954"
"HOUSE6019-14223-FEMALE_SAMPLED_44.8192551010288"	"House6019-14223-FEMALE_sampled_44.8192551010288"
"HOUSE6019-14278-FEMALE_SAMPLED_42.3180166934617"	"House6019-14278-FEMALE_sampled_42.3180166934617"
"HOUSE6019-14434-FEMALE_SAMPLED_42.0390733308159"	"House6019-14434-FEMALE_sampled_42.0390733308159"
"HOUSE6019-14504-FEMALE_SAMPLED_44.4084051550845"	"House6019-14504-FEMALE_sampled_44.4084051550845"
"HOUSE6019-14513-FEMALE_SAMPLED_41.3758353027515"	"House6019-14513-FEMALE_sampled_41.3758353027515"
"HOUSE6019-14622-FEMALE_SAMPLED_43.4687319758814"	"House6019-14622-FEMALE_sampled_43.4687319758814"
"HOUSE6019-14640-FEMALE_SAMPLED_44.8437418189349"	"House6019-14640-FEMALE_sampled_44.8437418189349"
"HOUSE6019-14656-FEMALE_SAMPLED_44.2894994106609"	"House6019-14656-FEMALE_sampled_44.2894994106609"
"HOUSE6019-14746-FEMALE_SAMPLED_41.5061775653157"	"House6019-14746-FEMALE_sampled_41.5061775653157"
"HOUSE6019-14747-FEMALE_SAMPLED_44.3684366640538"	"House6019-14747-FEMALE_sampled_44.3684366640538"
"HOUSE6019-14904-FEMALE_SAMPLED_43.3097093908322"	"House6019-14904-FEMALE_sampled_43.3097093908322"
"HOUSE6019-15096-FEMALE_SAMPLED_43.8323990666809"	"House6019-15096-FEMALE_sampled_43.8323990666809"
"HOUSE6019-15224-FEMALE_SAMPLED_44.5138852959079"	"House6019-15224-FEMALE_sampled_44.5138852959079"
"HOUSE6019-15398-FEMALE_SAMPLED_42.5493361463305"	"House6019-15398-FEMALE_sampled_42.5493361463305"
"HOUSE6019-15434-FEMALE_SAMPLED_44.9788207812881"	"House6019-15434-FEMALE_sampled_44.9788207812881"
"HOUSE6019-15464-FEMALE_SAMPLED_41.930640731841"	"House6019-15464-FEMALE_sampled_41.930640731841"
"HOUSE6019-15544-FEMALE_SAMPLED_44.2096861186935"	"House6019-15544-FEMALE_sampled_44.2096861186935"
"HOUSE6019-15623-FEMALE_SAMPLED_44.1330269977378"	"House6019-15623-FEMALE_sampled_44.1330269977378"
"HOUSE6019-15632-FEMALE_SAMPLED_42.2718537071579"	"House6019-15632-FEMALE_sampled_42.2718537071579"
"HOUSE6019-15886-FEMALE_SAMPLED_42.6451029524557"	"House6019-15886-FEMALE_sampled_42.6451029524557"
"HOUSE6019-15887-FEMALE_SAMPLED_42.4939476610955"	"House6019-15887-FEMALE_sampled_42.4939476610955"
"HOUSE6019-15957-FEMALE_SAMPLED_44.9986197684169"	"House6019-15957-FEMALE_sampled_44.9986197684169"
"HOUSE6019-16217-FEMALE_SAMPLED_44.773993118248"	"House6019-16217-FEMALE_sampled_44.773993118248"
"HOUSE6019-16222-FEMALE_SAMPLED_43.1523690673361"	"House6019-16222-FEMALE_sampled_43.1523690673361"
"HOUSE6019-16564-FEMALE_SAMPLED_44.4093331540826"	"House6019-16564-FEMALE_sampled_44.4093331540826"
"HOUSE6019-17065-FEMALE_SAMPLED_43.6981290928894"	"House6019-17065-FEMALE_sampled_43.6981290928894"
"HOUSE6019-17161-FEMALE_SAMPLED_44.8952914559208"	"House6019-17161-FEMALE_sampled_44.8952914559208"
"HOUSE6019-17172-FEMALE_SAMPLED_44.0235387734235"	"House6019-17172-FEMALE_sampled_44.0235387734235"
"HOUSE6019-17315-FEMALE_SAMPLED_43.3144229013885"	"House6019-17315-FEMALE_sampled_43.3144229013885"
"HOUSE6019-17503-FEMALE_SAMPLED_44.9104499785815"	"House6019-17503-FEMALE_sampled_44.9104499785815"
"HOUSE6019-6137-FEMALE_SAMPLED_43.2128543790895"	"House6019-6137-FEMALE_sampled_43.2128543790895"
"HOUSE6019-8344-FEMALE_SAMPLED_30.7337730699219"	"House6019-8344-FEMALE_sampled_30.7337730699219"
"HOUSE6019-9474-FEMALE_SAMPLED_40.3194392006844"	"House6019-9474-FEMALE_sampled_40.3194392006844"
"HOUSE604-9157-MALE_SAMPLED_41.535288161831"	"House604-9157-MALE_sampled_41.535288161831"
"HOUSE607-15408-MALE_SAMPLED_41.4020927377158"	"House607-15408-MALE_sampled_41.4020927377158"
"HOUSE610-15484-MALE_SAMPLED_42.2545016724133"	"House610-15484-MALE_sampled_42.2545016724133"
"HOUSE616-10254-MALE_SAMPLED_40.1547331073584"	"House616-10254-MALE_sampled_40.1547331073584"
"HOUSE621-17399-FEMALE_SAMPLED_44.6813108007753"	"House621-17399-FEMALE_sampled_44.6813108007753"
"HOUSE635-15427-MALE_SAMPLED_43.2702588720713"	"House635-15427-MALE_sampled_43.2702588720713"
"HOUSE637-12107-MALE_SAMPLED_40.4289422139744"	"House637-12107-MALE_sampled_40.4289422139744"
"HOUSE637-17996-MALE_SAMPLED_44.5277966925298"	"House637-17996-MALE_sampled_44.5277966925298"
"HOUSE647-608-MALE_SAMPLED_40.8542331669014"	"House647-608-MALE_sampled_40.8542331669014"
"HOUSE648-10304-MALE_SAMPLED_41.4093988885889"	"House648-10304-MALE_sampled_41.4093988885889"
"HOUSE649-11161-FEMALE_SAMPLED_43.3385260787327"	"House649-11161-FEMALE_sampled_43.3385260787327"
"HOUSE649-9235-MALE_SAMPLED_43.1960557817344"	"House649-9235-MALE_sampled_43.1960557817344"
"HOUSE650-11495-MALE_SAMPLED_40.4802209232549"	"House650-11495-MALE_sampled_40.4802209232549"
"HOUSE651-16368-MALE_SAMPLED_43.7393272938298"	"House651-16368-MALE_sampled_43.7393272938298"
"HOUSE655-15527-MALE_SAMPLED_44.5932257434281"	"House655-15527-MALE_sampled_44.5932257434281"
"HOUSE66-9979-MALE_SAMPLED_40.5764627847929"	"House66-9979-MALE_sampled_40.5764627847929"
"HOUSE660-14791-FEMALE_SAMPLED_43.122906539191"	"House660-14791-FEMALE_sampled_43.122906539191"
"HOUSE663-12794-MALE_SAMPLED_41.6539827928511"	"House663-12794-MALE_sampled_41.6539827928511"
"HOUSE663-13756-FEMALE_SAMPLED_40.4256506783729"	"House663-13756-FEMALE_sampled_40.4256506783729"
"HOUSE668-10232-MALE_SAMPLED_42.7544700024887"	"House668-10232-MALE_sampled_42.7544700024887"
"HOUSE672-11925-MALE_SAMPLED_42.3017897382826"	"House672-11925-MALE_sampled_42.3017897382826"
"HOUSE684-12043-MALE_SAMPLED_44.6741325187031"	"House684-12043-MALE_sampled_44.6741325187031"
"HOUSE691-13853-MALE_SAMPLED_44.7634965833277"	"House691-13853-MALE_sampled_44.7634965833277"
"HOUSE694-12920-MALE_SAMPLED_40.8335640519901"	"House694-12920-MALE_sampled_40.8335640519901"
"HOUSE695-6547-FEMALE_SAMPLED_40.6549649980977"	"House695-6547-FEMALE_sampled_40.6549649980977"
"HOUSE698-15021-FEMALE_SAMPLED_44.4650370168816"	"House698-15021-FEMALE_sampled_44.4650370168816"
"HOUSE699-14881-MALE_SAMPLED_44.560017029054"	"House699-14881-MALE_sampled_44.560017029054"
"HOUSE705-13920-MALE_SAMPLED_41.4060319796312"	"House705-13920-MALE_sampled_41.4060319796312"
"HOUSE707-14371-MALE_SAMPLED_40.7776034445465"	"House707-14371-MALE_sampled_40.7776034445465"
"HOUSE713-15113-FEMALE_SAMPLED_44.2690316703358"	"House713-15113-FEMALE_sampled_44.2690316703358"
"HOUSE716-11315-MALE_SAMPLED_40.5802428171421"	"House716-11315-MALE_sampled_40.5802428171421"
"HOUSE717-11054-MALE_SAMPLED_44.2772510915529"	"House717-11054-MALE_sampled_44.2772510915529"
"HOUSE722-12194-MALE_SAMPLED_43.4999887878075"	"House722-12194-MALE_sampled_43.4999887878075"
"HOUSE725-10005-MALE_SAMPLED_44.8583263939965"	"House725-10005-MALE_sampled_44.8583263939965"
"HOUSE725-11098-FEMALE_SAMPLED_43.6904600492293"	"House725-11098-FEMALE_sampled_43.6904600492293"
"HOUSE730-12255-MALE_SAMPLED_43.6692320483037"	"House730-12255-MALE_sampled_43.6692320483037"
"HOUSE751-10598-MALE_SAMPLED_41.5956843924683"	"House751-10598-MALE_sampled_41.5956843924683"
"HOUSE751-11067-FEMALE_SAMPLED_40.7841136487047"	"House751-11067-FEMALE_sampled_40.7841136487047"
"HOUSE768-13319-MALE_SAMPLED_41.2252875813283"	"House768-13319-MALE_sampled_41.2252875813283"
"HOUSE768-14545-FEMALE_SAMPLED_43.5095410132937"	"House768-14545-FEMALE_sampled_43.5095410132937"
"HOUSE77-12843-FEMALE_SAMPLED_44.9172821784947"	"House77-12843-FEMALE_sampled_44.9172821784947"
"HOUSE790-14285-FEMALE_SAMPLED_43.8734985465884"	"House790-14285-FEMALE_sampled_43.8734985465884"
"HOUSE8-14204-FEMALE_SAMPLED_43.5949905484449"	"House8-14204-FEMALE_sampled_43.5949905484449"
"HOUSE800-12772-MALE_SAMPLED_32.8489657688632"	"House800-12772-MALE_sampled_32.8489657688632"
"HOUSE806-10759-MALE_SAMPLED_41.4010280944131"	"House806-10759-MALE_sampled_41.4010280944131"
"HOUSE810-12704-MALE_SAMPLED_40.3266599019736"	"House810-12704-MALE_sampled_40.3266599019736"
"HOUSE815-15631-FEMALE_SAMPLED_40.0433794700075"	"House815-15631-FEMALE_sampled_40.0433794700075"
"HOUSE816-17467-MALE_SAMPLED_44.0307058476445"	"House816-17467-MALE_sampled_44.0307058476445"
"HOUSE824-12164-MALE_SAMPLED_44.459532171807"	"House824-12164-MALE_sampled_44.459532171807"
"HOUSE824-801-FEMALE_SAMPLED_32.3879872555167"	"House824-801-FEMALE_sampled_32.3879872555167"
"HOUSE835-10551-FEMALE_SAMPLED_41.1397642275881"	"House835-10551-FEMALE_sampled_41.1397642275881"
"HOUSE84-68-MALE_SAMPLED_41.9921785837505"	"House84-68-MALE_sampled_41.9921785837505"
"HOUSE84-69-FEMALE_SAMPLED_40.4512164093686"	"House84-69-FEMALE_sampled_40.4512164093686"
"HOUSE845-9622-MALE_SAMPLED_40.0154477332419"	"House845-9622-MALE_sampled_40.0154477332419"
"HOUSE848-13147-FEMALE_SAMPLED_43.6158834414379"	"House848-13147-FEMALE_sampled_43.6158834414379"
"HOUSE86-73-FEMALE_SAMPLED_43.4304306512421"	"House86-73-FEMALE_sampled_43.4304306512421"
"HOUSE863-14851-FEMALE_SAMPLED_40.5497859403949"	"House863-14851-FEMALE_sampled_40.5497859403949"
"HOUSE864-14767-FEMALE_SAMPLED_44.8297594798057"	"House864-14767-FEMALE_sampled_44.8297594798057"
"HOUSE866-9124-MALE_SAMPLED_44.6985377147503"	"House866-9124-MALE_sampled_44.6985377147503"
"HOUSE869-855-FEMALE_SAMPLED_42.023440671619"	"House869-855-FEMALE_sampled_42.023440671619"
"HOUSE875-863-FEMALE_SAMPLED_40.6846977194215"	"House875-863-FEMALE_sampled_40.6846977194215"
"HOUSE877-15128-MALE_SAMPLED_44.347458477132"	"House877-15128-MALE_sampled_44.347458477132"
"HOUSE885-17036-MALE_SAMPLED_44.9564334052682"	"House885-17036-MALE_sampled_44.9564334052682"
"HOUSE886-14829-MALE_SAMPLED_42.0580355008133"	"House886-14829-MALE_sampled_42.0580355008133"
"HOUSE891-17540-MALE_SAMPLED_43.8428746612871"	"House891-17540-MALE_sampled_43.8428746612871"
"HOUSE896-884-MALE_SAMPLED_31.3595977120567"	"House896-884-MALE_sampled_31.3595977120567"
"HOUSE898-15286-MALE_SAMPLED_43.096025070501"	"House898-15286-MALE_sampled_43.096025070501"
"HOUSE901-12527-MALE_SAMPLED_42.7467055118501"	"House901-12527-MALE_sampled_42.7467055118501"
"HOUSE901-14183-FEMALE_SAMPLED_40.9160280523923"	"House901-14183-FEMALE_sampled_40.9160280523923"
"HOUSE913-9612-MALE_SAMPLED_44.3599909555633"	"House913-9612-MALE_sampled_44.3599909555633"
"HOUSE915-9813-MALE_SAMPLED_43.115048139268"	"House915-9813-MALE_sampled_43.115048139268"
"HOUSE926-11807-MALE_SAMPLED_40.7594246361316"	"House926-11807-MALE_sampled_40.7594246361316"
"HOUSE93-80-MALE_SAMPLED_43.0331631586887"	"House93-80-MALE_sampled_43.0331631586887"
"HOUSE930-9401-MALE_SAMPLED_40.9680201422226"	"House930-9401-MALE_sampled_40.9680201422226"
"HOUSE936-12818-MALE_SAMPLED_40.1912460009367"	"House936-12818-MALE_sampled_40.1912460009367"
"HOUSE938-12030-MALE_SAMPLED_44.8911992167153"	"House938-12030-MALE_sampled_44.8911992167153"
"HOUSE939-8802-FEMALE_SAMPLED_40.8826251683068"	"House939-8802-FEMALE_sampled_40.8826251683068"
"HOUSE94-14636-MALE_SAMPLED_44.7067233286182"	"House94-14636-MALE_sampled_44.7067233286182"
"HOUSE942-10065-FEMALE_SAMPLED_41.7067119309948"	"House942-10065-FEMALE_sampled_41.7067119309948"
"HOUSE946-11446-MALE_SAMPLED_43.6794608389027"	"House946-11446-MALE_sampled_43.6794608389027"
"HOUSE950-11039-MALE_SAMPLED_40.9650649339892"	"House950-11039-MALE_sampled_40.9650649339892"
"HOUSE954-12705-MALE_SAMPLED_43.0058604067881"	"House954-12705-MALE_sampled_43.0058604067881"
"HOUSE957-10717-MALE_SAMPLED_41.7453700825601"	"House957-10717-MALE_sampled_41.7453700825601"
"HOUSE957-12275-FEMALE_SAMPLED_40.9368171765652"	"House957-12275-FEMALE_sampled_40.9368171765652"
"HOUSE96-15731-FEMALE_SAMPLED_43.2885911765928"	"House96-15731-FEMALE_sampled_43.2885911765928"
"HOUSE960-11479-FEMALE_SAMPLED_43.097769964952"	"House960-11479-FEMALE_sampled_43.097769964952"
"HOUSE964-11143-FEMALE_SAMPLED_40.9657084118167"	"House964-11143-FEMALE_sampled_40.9657084118167"
"HOUSE969-14903-MALE_SAMPLED_44.8537949414329"	"House969-14903-MALE_sampled_44.8537949414329"
"HOUSE970-12155-MALE_SAMPLED_42.375665177824"	"House970-12155-MALE_sampled_42.375665177824"
"HOUSE972-13179-FEMALE_SAMPLED_41.1209096515086"	"House972-13179-FEMALE_sampled_41.1209096515086"
"HOUSE979-13496-MALE_SAMPLED_42.2930245279276"	"House979-13496-MALE_sampled_42.2930245279276"
"HOUSE979-15413-FEMALE_SAMPLED_44.5804049749379"	"House979-15413-FEMALE_sampled_44.5804049749379"
"HOUSE98-11973-MALE_SAMPLED_31.440281887178"	"House98-11973-MALE_sampled_31.440281887178"
"HOUSE980-14219-MALE_SAMPLED_42.3876606998965"	"House980-14219-MALE_sampled_42.3876606998965"
"HOUSE980-17739-FEMALE_SAMPLED_44.6677134195864"	"House980-17739-FEMALE_sampled_44.6677134195864"
"HOUSE986-10311-FEMALE_SAMPLED_44.542360096895"	"House986-10311-FEMALE_sampled_44.542360096895"
"HOUSE999-14359-MALE_SAMPLED_40.9229529614095"	"House999-14359-MALE_sampled_40.9229529614095"
